/*
SQLyog Ultimate v12.08 (64 bit)
MySQL - 5.6.10 : Database - food_db
*********************************************************************
*/

/*!40101 SET NAMES utf8 */;

/*!40101 SET SQL_MODE=''*/;

/*!40014 SET @OLD_UNIQUE_CHECKS=@@UNIQUE_CHECKS, UNIQUE_CHECKS=0 */;
/*!40014 SET @OLD_FOREIGN_KEY_CHECKS=@@FOREIGN_KEY_CHECKS, FOREIGN_KEY_CHECKS=0 */;
/*!40101 SET @OLD_SQL_MODE=@@SQL_MODE, SQL_MODE='NO_AUTO_VALUE_ON_ZERO' */;
/*!40111 SET @OLD_SQL_NOTES=@@SQL_NOTES, SQL_NOTES=0 */;
CREATE DATABASE /*!32312 IF NOT EXISTS*/`food_db` /*!40100 DEFAULT CHARACTER SET utf8mb4 */;

USE `food_db`;

/*Table structure for table `app_access_log` */

DROP TABLE IF EXISTS `app_access_log`;

CREATE TABLE `app_access_log` (
  `id` int(11) NOT NULL AUTO_INCREMENT,
  `uid` bigint(20) NOT NULL DEFAULT '0' COMMENT 'uid',
  `referer_url` varchar(255) NOT NULL DEFAULT '' COMMENT '当前访问的refer',
  `target_url` varchar(255) NOT NULL DEFAULT '' COMMENT '访问的url',
  `query_params` text NOT NULL COMMENT 'get和post参数',
  `ua` varchar(255) NOT NULL DEFAULT '' COMMENT '访问ua',
  `ip` varchar(32) NOT NULL DEFAULT '' COMMENT '访问ip',
  `note` varchar(1000) NOT NULL DEFAULT '' COMMENT 'json格式备注字段',
  `created_time` timestamp NOT NULL DEFAULT CURRENT_TIMESTAMP,
  PRIMARY KEY (`id`),
  KEY `idx_uid` (`uid`)
) ENGINE=InnoDB AUTO_INCREMENT=316 DEFAULT CHARSET=utf8mb4 COMMENT='用户访问记录表';

/*Data for the table `app_access_log` */

insert  into `app_access_log`(`id`,`uid`,`referer_url`,`target_url`,`query_params`,`ua`,`ip`,`note`,`created_time`) values (1,0,'http://127.0.0.1:9002/stat/member','http://127.0.0.1:9002/food/index','{}','Mozilla/5.0 (Windows NT 10.0; Win64; x64; rv:56.0) Gecko/20100101 Firefox/56.0','127.0.0.1','','2020-05-05 08:38:16'),(2,0,'http://127.0.0.1:9002/stat/member','http://127.0.0.1:9002/user/login','{}','Mozilla/5.0 (Windows NT 10.0; Win64; x64; rv:56.0) Gecko/20100101 Firefox/56.0','127.0.0.1','','2020-05-05 08:38:18'),(3,0,'http://127.0.0.1:9002/user/login','http://127.0.0.1:9002/user/login','{\"login_name\": \"54php.cn\", \"login_pwd\": \"123456\"}','Mozilla/5.0 (Windows NT 10.0; Win64; x64; rv:56.0) Gecko/20100101 Firefox/56.0','127.0.0.1','','2020-05-05 08:39:11'),(4,1,'http://127.0.0.1:9002/user/login','http://127.0.0.1:9002/','{}','Mozilla/5.0 (Windows NT 10.0; Win64; x64; rv:56.0) Gecko/20100101 Firefox/56.0','127.0.0.1','','2020-05-05 08:39:15'),(5,1,'http://127.0.0.1:9002/','http://127.0.0.1:9002/chart/dashboard','{}','Mozilla/5.0 (Windows NT 10.0; Win64; x64; rv:56.0) Gecko/20100101 Firefox/56.0','127.0.0.1','','2020-05-05 08:39:18'),(6,1,'http://127.0.0.1:9002/','http://127.0.0.1:9002/chart/finance','{}','Mozilla/5.0 (Windows NT 10.0; Win64; x64; rv:56.0) Gecko/20100101 Firefox/56.0','127.0.0.1','','2020-05-05 08:39:19'),(7,1,'http://127.0.0.1:9002/','http://127.0.0.1:9002/food/index','{}','Mozilla/5.0 (Windows NT 10.0; Win64; x64; rv:56.0) Gecko/20100101 Firefox/56.0','127.0.0.1','','2020-05-05 08:39:27'),(8,1,'http://127.0.0.1:9002/food/index','http://127.0.0.1:9002/account/index','{}','Mozilla/5.0 (Windows NT 10.0; Win64; x64; rv:56.0) Gecko/20100101 Firefox/56.0','127.0.0.1','','2020-05-05 08:39:32'),(9,1,'http://127.0.0.1:9002/account/index','http://127.0.0.1:9002/account/set','{}','Mozilla/5.0 (Windows NT 10.0; Win64; x64; rv:56.0) Gecko/20100101 Firefox/56.0','127.0.0.1','','2020-05-05 08:39:34'),(10,1,'http://127.0.0.1:9002/account/index','http://127.0.0.1:9002/food/index','{}','Mozilla/5.0 (Windows NT 10.0; Win64; x64; rv:56.0) Gecko/20100101 Firefox/56.0','127.0.0.1','','2020-05-05 08:39:43'),(11,1,'http://127.0.0.1:9002/food/index','http://127.0.0.1:9002/food/set','{}','Mozilla/5.0 (Windows NT 10.0; Win64; x64; rv:56.0) Gecko/20100101 Firefox/56.0','127.0.0.1','','2020-05-05 08:39:45'),(12,1,'http://127.0.0.1:9002/food/index','http://127.0.0.1:9002/food/set','{}','Mozilla/5.0 (Windows NT 10.0; Win64; x64; rv:56.0) Gecko/20100101 Firefox/56.0','127.0.0.1','','2020-05-05 08:39:45'),(13,1,'http://127.0.0.1:9002/food/set','http://127.0.0.1:9002/upload/ueditor?action=config&&noCache=1588639187452','{\"action\": \"config\", \"noCache\": \"1588639187452\"}','Mozilla/5.0 (Windows NT 10.0; Win64; x64; rv:56.0) Gecko/20100101 Firefox/56.0','127.0.0.1','','2020-05-05 08:39:47'),(14,1,'http://127.0.0.1:9002/food/set','http://127.0.0.1:9002/food/cat','{}','Mozilla/5.0 (Windows NT 10.0; Win64; x64; rv:56.0) Gecko/20100101 Firefox/56.0','127.0.0.1','','2020-05-05 08:39:50'),(15,1,'http://127.0.0.1:9002/food/cat','http://127.0.0.1:9002/food/cat-set','{}','Mozilla/5.0 (Windows NT 10.0; Win64; x64; rv:56.0) Gecko/20100101 Firefox/56.0','127.0.0.1','','2020-05-05 08:39:54'),(16,1,'http://127.0.0.1:9002/food/cat-set','http://127.0.0.1:9002/food/cat-set','{\"name\": \"\\u6e58\\u83dc\", \"weight\": \"5\", \"id\": \"\"}','Mozilla/5.0 (Windows NT 10.0; Win64; x64; rv:56.0) Gecko/20100101 Firefox/56.0','127.0.0.1','','2020-05-05 08:40:15'),(17,1,'http://127.0.0.1:9002/food/cat-set','http://127.0.0.1:9002/food/cat','{}','Mozilla/5.0 (Windows NT 10.0; Win64; x64; rv:56.0) Gecko/20100101 Firefox/56.0','127.0.0.1','','2020-05-05 08:40:16'),(18,1,'http://127.0.0.1:9002/food/cat','http://127.0.0.1:9002/food/cat-set','{}','Mozilla/5.0 (Windows NT 10.0; Win64; x64; rv:56.0) Gecko/20100101 Firefox/56.0','127.0.0.1','','2020-05-05 08:40:18'),(19,1,'http://127.0.0.1:9002/food/cat-set','http://127.0.0.1:9002/food/cat-set','{\"name\": \"\\u5ddd\\u83dc\", \"weight\": \"10\", \"id\": \"\"}','Mozilla/5.0 (Windows NT 10.0; Win64; x64; rv:56.0) Gecko/20100101 Firefox/56.0','127.0.0.1','','2020-05-05 08:40:28'),(20,1,'http://127.0.0.1:9002/food/cat-set','http://127.0.0.1:9002/food/cat','{}','Mozilla/5.0 (Windows NT 10.0; Win64; x64; rv:56.0) Gecko/20100101 Firefox/56.0','127.0.0.1','','2020-05-05 08:40:29'),(21,1,'http://127.0.0.1:9002/food/cat','http://127.0.0.1:9002/food/cat-set','{}','Mozilla/5.0 (Windows NT 10.0; Win64; x64; rv:56.0) Gecko/20100101 Firefox/56.0','127.0.0.1','','2020-05-05 08:40:31'),(22,1,'http://127.0.0.1:9002/food/cat-set','http://127.0.0.1:9002/food/cat-set','{\"name\": \"\\u7ca4\\u83dc\", \"weight\": \"2\", \"id\": \"\"}','Mozilla/5.0 (Windows NT 10.0; Win64; x64; rv:56.0) Gecko/20100101 Firefox/56.0','127.0.0.1','','2020-05-05 08:40:42'),(23,1,'http://127.0.0.1:9002/food/cat-set','http://127.0.0.1:9002/food/cat','{}','Mozilla/5.0 (Windows NT 10.0; Win64; x64; rv:56.0) Gecko/20100101 Firefox/56.0','127.0.0.1','','2020-05-05 08:40:44'),(24,1,'http://127.0.0.1:9002/food/cat','http://127.0.0.1:9002/food/cat-set','{}','Mozilla/5.0 (Windows NT 10.0; Win64; x64; rv:56.0) Gecko/20100101 Firefox/56.0','127.0.0.1','','2020-05-05 08:40:48'),(25,1,'http://127.0.0.1:9002/food/cat-set','http://127.0.0.1:9002/food/cat-set','{\"name\": \"\\u4e1c\\u5317\\u83dc\", \"weight\": \"1\", \"id\": \"\"}','Mozilla/5.0 (Windows NT 10.0; Win64; x64; rv:56.0) Gecko/20100101 Firefox/56.0','127.0.0.1','','2020-05-05 08:40:56'),(26,1,'http://127.0.0.1:9002/food/cat-set','http://127.0.0.1:9002/food/cat','{}','Mozilla/5.0 (Windows NT 10.0; Win64; x64; rv:56.0) Gecko/20100101 Firefox/56.0','127.0.0.1','','2020-05-05 08:40:57'),(27,1,'http://127.0.0.1:9002/food/cat','http://127.0.0.1:9002/food/index','{}','Mozilla/5.0 (Windows NT 10.0; Win64; x64; rv:56.0) Gecko/20100101 Firefox/56.0','127.0.0.1','','2020-05-05 08:41:21'),(28,1,'http://127.0.0.1:9002/food/index','http://127.0.0.1:9002/food/set','{}','Mozilla/5.0 (Windows NT 10.0; Win64; x64; rv:56.0) Gecko/20100101 Firefox/56.0','127.0.0.1','','2020-05-05 08:41:23'),(29,1,'http://127.0.0.1:9002/food/set','http://127.0.0.1:9002/upload/ueditor?action=config&&noCache=1588639284305','{\"action\": \"config\", \"noCache\": \"1588639284305\"}','Mozilla/5.0 (Windows NT 10.0; Win64; x64; rv:56.0) Gecko/20100101 Firefox/56.0','127.0.0.1','','2020-05-05 08:41:24'),(30,1,'http://127.0.0.1:9002/food/set','http://127.0.0.1:9002/upload/pic','{}','Mozilla/5.0 (Windows NT 10.0; Win64; x64; rv:56.0) Gecko/20100101 Firefox/56.0','127.0.0.1','','2020-05-05 08:44:32'),(31,1,'http://127.0.0.1:9002/food/set','http://127.0.0.1:9002/food/set','{\"cat_id\": \"2\", \"name\": \"\\u9c7c\\u9999\\u8089\\u4e1d\", \"price\": \"10\", \"main_image\": \"20200505/7d6b640108b047a1997616ebebdbc916.jpg\", \"summary\": \"<p>\\u9c7c\\u9999\\u8089\\u4e1d\\u662f\\u5ddd\\u83dc\\u4e2d\\u7684\\u4e00\\u9053\\u540d\\u54c1\\uff0c\\u4e3b\\u8981\\u662f\\u7528\\u9cab\\u9c7c\\u814c\\u5236\\u7684\\u6ce1\\u8fa3\\u6912\\u7092\\u5236\\u732a\\u91cc\\u810a\\u8089\\u4e1d\\u800c\\u6210\\uff0c\\u4ee5\\u6b64\\u5c06\\u8089\\u4e1d\\u7092\\u51fa\\u9c7c\\u9999\\u5473\\uff0c\\u6545\\u800c\\u53eb\\u9c7c\\u9999\\u8089\\u4e1d\\u3002</p>\", \"stock\": \"50\", \"tags\": \"\\u8fa3,\\u9178,\\u751c\", \"id\": \"\"}','Mozilla/5.0 (Windows NT 10.0; Win64; x64; rv:56.0) Gecko/20100101 Firefox/56.0','127.0.0.1','','2020-05-05 08:46:33'),(32,1,'http://127.0.0.1:9002/food/set','http://127.0.0.1:9002/food/index','{}','Mozilla/5.0 (Windows NT 10.0; Win64; x64; rv:56.0) Gecko/20100101 Firefox/56.0','127.0.0.1','','2020-05-05 08:46:35'),(33,1,'http://127.0.0.1:9002/food/index','http://127.0.0.1:9002/food/set','{}','Mozilla/5.0 (Windows NT 10.0; Win64; x64; rv:56.0) Gecko/20100101 Firefox/56.0','127.0.0.1','','2020-05-05 08:46:38'),(34,1,'http://127.0.0.1:9002/food/set','http://127.0.0.1:9002/upload/ueditor?action=config&&noCache=1588639599129','{\"action\": \"config\", \"noCache\": \"1588639599129\"}','Mozilla/5.0 (Windows NT 10.0; Win64; x64; rv:56.0) Gecko/20100101 Firefox/56.0','127.0.0.1','','2020-05-05 08:46:39'),(35,1,'http://127.0.0.1:9002/food/set','http://127.0.0.1:9002/upload/pic','{}','Mozilla/5.0 (Windows NT 10.0; Win64; x64; rv:56.0) Gecko/20100101 Firefox/56.0','127.0.0.1','','2020-05-05 08:47:57'),(36,1,'http://127.0.0.1:9002/food/set','http://127.0.0.1:9002/food/set','{\"cat_id\": \"2\", \"name\": \"\\u6c34\\u716e\\u8089\\u7247\", \"price\": \"15\", \"main_image\": \"20200505/68c608acf57a42d19d6b9814e454bf1a.jpg\", \"summary\": \"<p>\\u6c34\\u716e\\u8089\\u7247\\u662f\\u4e00\\u9053\\u5730\\u65b9\\u65b0\\u521b\\u540d\\u83dc\\uff0c\\u8d77\\u6e90\\u4e8e\\u81ea\\u8d21\\uff0c\\u53d1\\u626c\\u4e8e\\u897f\\u5357\\uff0c\\u5c5e\\u4e8e\\u5ddd\\u83dc\\u4e2d\\u8457\\u540d\\u7684\\u5bb6\\u5e38\\u83dc\\u3002\\u56e0\\u8089\\u7247\\u672a\\u7ecf\\u5212\\u6cb9\\uff0c\\u4ee5\\u6c34\\u716e\\u719f\\u6545\\u540d\\u6c34\\u716e\\u8089\\u7247\\u3002</p>\", \"stock\": \"50\", \"tags\": \"\\u9ebb\\u8fa3,\\u9c9c\\u9999\", \"id\": \"\"}','Mozilla/5.0 (Windows NT 10.0; Win64; x64; rv:56.0) Gecko/20100101 Firefox/56.0','127.0.0.1','','2020-05-05 08:48:37'),(37,1,'http://127.0.0.1:9002/food/set','http://127.0.0.1:9002/food/index','{}','Mozilla/5.0 (Windows NT 10.0; Win64; x64; rv:56.0) Gecko/20100101 Firefox/56.0','127.0.0.1','','2020-05-05 08:48:38'),(38,1,'http://127.0.0.1:9002/food/index','http://127.0.0.1:9002/food/set','{}','Mozilla/5.0 (Windows NT 10.0; Win64; x64; rv:56.0) Gecko/20100101 Firefox/56.0','127.0.0.1','','2020-05-05 08:48:44'),(39,1,'http://127.0.0.1:9002/food/set','http://127.0.0.1:9002/upload/ueditor?action=config&&noCache=1588639725335','{\"action\": \"config\", \"noCache\": \"1588639725335\"}','Mozilla/5.0 (Windows NT 10.0; Win64; x64; rv:56.0) Gecko/20100101 Firefox/56.0','127.0.0.1','','2020-05-05 08:48:45'),(40,1,'http://127.0.0.1:9002/food/set','http://127.0.0.1:9002/upload/pic','{}','Mozilla/5.0 (Windows NT 10.0; Win64; x64; rv:56.0) Gecko/20100101 Firefox/56.0','127.0.0.1','','2020-05-05 08:49:57'),(41,1,'http://127.0.0.1:9002/food/set','http://127.0.0.1:9002/food/set','{\"cat_id\": \"1\", \"name\": \"\\u519c\\u5bb6\\u5c0f\\u7092\\u8089\", \"price\": \"10\", \"main_image\": \"20200505/19c25a1b46054ad2828b02f31ddebb6c.jpg\", \"summary\": \"<p>\\u5c0f\\u7092\\u8089\\u662f\\u6e56\\u5357\\u7701\\u4e00\\u9053\\u5e38\\u89c1\\u7684\\u7279\\u8272\\u4f20\\u7edf\\u540d\\u83dc\\uff0c\\u5c5e\\u4e8e\\u6e58\\u83dc\\u7cfb\\u3002\\u9ebb\\u8fa3\\u9c9c\\u9999\\uff0c\\u53e3\\u5473\\u6ed1\\u5ae9\\u3002\\u5236\\u4f5c\\u539f\\u6599\\u4e3b\\u8981\\u662f\\u4e94\\u82b1\\u8089\\u548c\\u9752\\u6912\\u3001\\u7ea2\\u6912\\u7b49\\u3002</p>\", \"stock\": \"100\", \"tags\": \"\\u54b8,\\u8fa3\", \"id\": \"\"}','Mozilla/5.0 (Windows NT 10.0; Win64; x64; rv:56.0) Gecko/20100101 Firefox/56.0','127.0.0.1','','2020-05-05 08:50:37'),(42,1,'http://127.0.0.1:9002/food/set','http://127.0.0.1:9002/food/index','{}','Mozilla/5.0 (Windows NT 10.0; Win64; x64; rv:56.0) Gecko/20100101 Firefox/56.0','127.0.0.1','','2020-05-05 08:50:38'),(43,1,'http://127.0.0.1:9002/food/index','http://127.0.0.1:9002/food/set','{}','Mozilla/5.0 (Windows NT 10.0; Win64; x64; rv:56.0) Gecko/20100101 Firefox/56.0','127.0.0.1','','2020-05-05 08:50:41'),(44,1,'http://127.0.0.1:9002/food/set','http://127.0.0.1:9002/upload/ueditor?action=config&&noCache=1588639841854','{\"action\": \"config\", \"noCache\": \"1588639841854\"}','Mozilla/5.0 (Windows NT 10.0; Win64; x64; rv:56.0) Gecko/20100101 Firefox/56.0','127.0.0.1','','2020-05-05 08:50:41'),(45,1,'http://127.0.0.1:9002/food/set','http://127.0.0.1:9002/upload/pic','{}','Mozilla/5.0 (Windows NT 10.0; Win64; x64; rv:56.0) Gecko/20100101 Firefox/56.0','127.0.0.1','','2020-05-05 08:52:13'),(46,1,'http://127.0.0.1:9002/food/set','http://127.0.0.1:9002/food/set','{\"cat_id\": \"1\", \"name\": \"\\u5241\\u6912\\u9c7c\\u5934\", \"price\": \"20\", \"main_image\": \"20200505/9fb52ddd5b4746038394fe743fce5cce.jpg\", \"summary\": \"<p>\\u5241\\u6912\\u9c7c\\u5934\\u662f\\u6e56\\u5357\\u7701\\u7684\\u4f20\\u7edf\\u540d\\u83dc\\uff0c\\u5c5e\\u4e8e\\u6e58\\u83dc\\u7cfb\\u3002\\u901a\\u5e38\\u4ee5\\u9cd9\\u9c7c\\u9c7c\\u5934\\u3001\\u5241\\u6912\\u4e3a\\u4e3b\\u6599\\uff0c\\u914d\\u4ee5\\u8c49\\u6cb9\\u3001\\u59dc\\u3001\\u8471\\u3001\\u849c\\u7b49\\u8f85\\u6599\\u84b8\\u5236\\u800c\\u6210\\u3002\\u83dc\\u54c1\\u8272\\u6cfd\\u7ea2\\u4eae\\u3001\\u5473\\u6d53\\u3001\\u8089\\u8d28\\u7ec6\\u5ae9\\u3002\\u80a5\\u800c\\u4e0d\\u817b\\u3001\\u53e3\\u611f\\u8f6f\\u7cef\\u3001\\u9c9c\\u8fa3\\u9002\\u53e3\\u3002</p>\", \"stock\": \"30\", \"tags\": \"\\u54b8\\u9c9c,\\u5fae\\u8fa3\", \"id\": \"\"}','Mozilla/5.0 (Windows NT 10.0; Win64; x64; rv:56.0) Gecko/20100101 Firefox/56.0','127.0.0.1','','2020-05-05 08:53:03'),(47,1,'http://127.0.0.1:9002/food/set','http://127.0.0.1:9002/food/index','{}','Mozilla/5.0 (Windows NT 10.0; Win64; x64; rv:56.0) Gecko/20100101 Firefox/56.0','127.0.0.1','','2020-05-05 08:53:04'),(48,1,'http://127.0.0.1:9002/food/index','http://127.0.0.1:9002/food/set','{}','Mozilla/5.0 (Windows NT 10.0; Win64; x64; rv:56.0) Gecko/20100101 Firefox/56.0','127.0.0.1','','2020-05-05 08:53:12'),(49,1,'http://127.0.0.1:9002/food/set','http://127.0.0.1:9002/upload/ueditor?action=config&&noCache=1588639993015','{\"action\": \"config\", \"noCache\": \"1588639993015\"}','Mozilla/5.0 (Windows NT 10.0; Win64; x64; rv:56.0) Gecko/20100101 Firefox/56.0','127.0.0.1','','2020-05-05 08:53:13'),(50,1,'http://127.0.0.1:9002/food/set','http://127.0.0.1:9002/upload/pic','{}','Mozilla/5.0 (Windows NT 10.0; Win64; x64; rv:56.0) Gecko/20100101 Firefox/56.0','127.0.0.1','','2020-05-05 08:55:37'),(51,1,'http://127.0.0.1:9002/food/set','http://127.0.0.1:9002/food/set','{\"cat_id\": \"3\", \"name\": \"\\u767d\\u5207\\u9e21\", \"price\": \"10\", \"main_image\": \"20200505/4bb33aca1e4d4935ac03fda7ee2ab409.jpg\", \"summary\": \"<p>\\u767d\\u5207\\u9e21\\u53c8\\u53eb\\u767d\\u65a9\\u9e21\\uff0c\\u662f\\u4e2d\\u56fd\\u516b\\u5927\\u83dc\\u4e4b\\u4e00\\u7ca4\\u83dc\\u7cfb\\u9e21\\u80b4\\u4e2d\\u7684\\u4e00\\u79cd\\uff0c\\u59cb\\u4e8e\\u6e05\\u4ee3\\u7684\\u6c11\\u95f4\\u9152\\u5e97\\u3002</p><p>\\u767d\\u5207\\u9e21\\u901a\\u5e38\\u9009\\u7528\\u7ec6\\u9aa8\\u519c\\u5bb6\\u9e21\\u4e0e\\u6c99\\u59dc\\u3001\\u849c\\u8338\\u7b49\\u98df\\u6750\\uff0c\\u6162\\u706b\\u716e\\u6d78\\u540e\\uff0c\\u667e\\u5e72\\u5207\\u5757\\u3002</p><p>\\u6210\\u83dc\\u540e\\uff0c\\u8272\\u6d01\\u767d\\u5e26\\u6cb9\\u9ec4\\uff0c\\u76ae\\u723d\\u8089\\u6ed1\\u9aa8\\u9999\\uff0c\\u6e05\\u6de1\\u9c9c\\u7f8e\\u3002</p><p><br/></p>\", \"stock\": \"40\", \"tags\": \"\\u6e05\\u6de1,\\u9c9c\\u7f8e\", \"id\": \"\"}','Mozilla/5.0 (Windows NT 10.0; Win64; x64; rv:56.0) Gecko/20100101 Firefox/56.0','127.0.0.1','','2020-05-05 08:55:40'),(52,1,'http://127.0.0.1:9002/food/set','http://127.0.0.1:9002/food/index','{}','Mozilla/5.0 (Windows NT 10.0; Win64; x64; rv:56.0) Gecko/20100101 Firefox/56.0','127.0.0.1','','2020-05-05 08:55:41'),(53,1,'http://127.0.0.1:9002/food/index','http://127.0.0.1:9002/food/set','{}','Mozilla/5.0 (Windows NT 10.0; Win64; x64; rv:56.0) Gecko/20100101 Firefox/56.0','127.0.0.1','','2020-05-05 08:55:45'),(54,1,'http://127.0.0.1:9002/food/set','http://127.0.0.1:9002/upload/ueditor?action=config&&noCache=1588640145427','{\"action\": \"config\", \"noCache\": \"1588640145427\"}','Mozilla/5.0 (Windows NT 10.0; Win64; x64; rv:56.0) Gecko/20100101 Firefox/56.0','127.0.0.1','','2020-05-05 08:55:45'),(55,1,'http://127.0.0.1:9002/food/set','http://127.0.0.1:9002/upload/pic','{}','Mozilla/5.0 (Windows NT 10.0; Win64; x64; rv:56.0) Gecko/20100101 Firefox/56.0','127.0.0.1','','2020-05-05 08:57:27'),(56,1,'http://127.0.0.1:9002/food/set','http://127.0.0.1:9002/food/set','{\"cat_id\": \"3\", \"name\": \"\\u6728\\u74dc\\u7096\\u96ea\\u86e4\", \"price\": \"20\", \"main_image\": \"20200505/433d50e061f54c469083ade89205f2b1.jpg\", \"summary\": \"<p>\\u6728\\u74dc\\u7096\\u96ea\\u86e4\\u662f\\u4e00\\u9053\\u7f8e\\u5473\\u53ef\\u53e3\\u7684\\u4f20\\u7edf\\u540d\\u70b9\\uff0c\\u5c5e\\u4e8e\\u7ca4\\u83dc\\u7cfb\\u3002\\u4ee5\\u6728\\u74dc\\u548c\\u96ea\\u86e4\\u4e3a\\u4e3b\\u8981\\u98df\\u6750\\uff0c\\u5c5e\\u7ca4\\u5f0f\\u751c\\u54c1\\uff0c\\u6da6\\u80a4\\u517b\\u989c\\uff0c\\u8425\\u517b\\u4ef7\\u503c\\u4e30\\u5bcc\\u3002\\u4e3b\\u8981\\u6750\\u6599\\u6709\\u6728\\u74dc\\u3001\\u96ea\\u86e4\\u6cb9\\u3001\\u9c9c\\u5976\\u3001\\u6c34\\u7b49\\u3002</p>\", \"stock\": \"25\", \"tags\": \"\\u751c\", \"id\": \"\"}','Mozilla/5.0 (Windows NT 10.0; Win64; x64; rv:56.0) Gecko/20100101 Firefox/56.0','127.0.0.1','','2020-05-05 08:57:31'),(57,1,'http://127.0.0.1:9002/food/set','http://127.0.0.1:9002/food/index','{}','Mozilla/5.0 (Windows NT 10.0; Win64; x64; rv:56.0) Gecko/20100101 Firefox/56.0','127.0.0.1','','2020-05-05 08:57:32'),(58,1,'http://127.0.0.1:9002/food/index','http://127.0.0.1:9002/food/set','{}','Mozilla/5.0 (Windows NT 10.0; Win64; x64; rv:56.0) Gecko/20100101 Firefox/56.0','127.0.0.1','','2020-05-05 08:57:39'),(59,1,'http://127.0.0.1:9002/food/set','http://127.0.0.1:9002/upload/ueditor?action=config&&noCache=1588640259768','{\"action\": \"config\", \"noCache\": \"1588640259768\"}','Mozilla/5.0 (Windows NT 10.0; Win64; x64; rv:56.0) Gecko/20100101 Firefox/56.0','127.0.0.1','','2020-05-05 08:57:39'),(60,1,'http://127.0.0.1:9002/food/set','http://127.0.0.1:9002/upload/pic','{}','Mozilla/5.0 (Windows NT 10.0; Win64; x64; rv:56.0) Gecko/20100101 Firefox/56.0','127.0.0.1','','2020-05-05 08:59:10'),(61,1,'http://127.0.0.1:9002/food/set','http://127.0.0.1:9002/food/set','{\"cat_id\": \"4\", \"name\": \"\\u98de\\u9f99\\u6c64\", \"price\": \"15\", \"main_image\": \"20200505/fe26d84de2a84c1fa286924fcc1297dc.jpg\", \"summary\": \"<p>\\u98de\\u9f99\\u53c8\\u540d\\u699b\\u9e21\\u662f\\u9ed1\\u9f99\\u6c5f\\u7701\\u7684\\u540d\\u83dc\\u4e4b\\u4e00\\uff0c\\u5c5e\\u4e8e\\u9f99\\u6c5f\\u83dc\\u7cfb\\uff0c\\u4ea7\\u4e8e\\u5174\\u5b89\\u5cad\\u3002\\u98de\\u9f99\\u6c64\\u662f\\u5c06\\u699b\\u9e21\\u8131\\u6bdb\\u53bb\\u6389\\u5185\\u810f\\u540e\\uff0c\\u7528\\u9ad8\\u6c64\\u716e\\u719f\\u5373\\u53ef\\uff0c\\u6c64\\u4e2d\\u4e0d\\u9700\\u653e\\u4efb\\u4f55\\u8c03\\u6599\\u4ee5\\u4fdd\\u6301\\u6c64\\u539f\\u6c41\\u539f\\u5473\\u3002\\u98de\\u9f99\\u6c64\\u8089\\u8d28\\u9c9c\\u7f8e\\uff0c\\u8425\\u517b\\u4e30\\u5bcc\\uff0c\\u9002\\u5408\\u7528\\u4f5c\\u6ecb\\u8865\\u6c64\\u54c1\\u3002</p>\", \"stock\": \"35\", \"tags\": \"\\u8425\\u517b\\u4e30\\u5bcc,\\u6c64\\u8089\\u8d28\\u9c9c\\u7f8e\", \"id\": \"\"}','Mozilla/5.0 (Windows NT 10.0; Win64; x64; rv:56.0) Gecko/20100101 Firefox/56.0','127.0.0.1','','2020-05-05 08:59:53'),(62,1,'http://127.0.0.1:9002/food/set','http://127.0.0.1:9002/food/index','{}','Mozilla/5.0 (Windows NT 10.0; Win64; x64; rv:56.0) Gecko/20100101 Firefox/56.0','127.0.0.1','','2020-05-05 08:59:54'),(63,1,'http://127.0.0.1:9002/food/index','http://127.0.0.1:9002/account/index','{}','Mozilla/5.0 (Windows NT 10.0; Win64; x64; rv:56.0) Gecko/20100101 Firefox/56.0','127.0.0.1','','2020-05-05 09:39:25'),(64,1,'http://127.0.0.1:9002/account/index','http://127.0.0.1:9002/food/index','{}','Mozilla/5.0 (Windows NT 10.0; Win64; x64; rv:56.0) Gecko/20100101 Firefox/56.0','127.0.0.1','','2020-05-05 09:45:01'),(65,1,'http://127.0.0.1:9002/food/index','http://127.0.0.1:9002/food/set?id=7','{\"id\": \"7\"}','Mozilla/5.0 (Windows NT 10.0; Win64; x64; rv:56.0) Gecko/20100101 Firefox/56.0','127.0.0.1','','2020-05-05 09:45:06'),(66,1,'http://127.0.0.1:9002/food/set?id=7','http://127.0.0.1:9002/upload/ueditor?action=config&&noCache=1588643107784','{\"action\": \"config\", \"noCache\": \"1588643107784\"}','Mozilla/5.0 (Windows NT 10.0; Win64; x64; rv:56.0) Gecko/20100101 Firefox/56.0','127.0.0.1','','2020-05-05 09:45:07'),(67,1,'http://127.0.0.1:9002/food/index','http://127.0.0.1:9002/finance/index','{}','Mozilla/5.0 (Windows NT 10.0; Win64; x64; rv:56.0) Gecko/20100101 Firefox/56.0','127.0.0.1','','2020-05-05 10:59:42'),(68,1,'http://127.0.0.1:9002/finance/index','http://127.0.0.1:9002/finance/pay-info?id=1','{\"id\": \"1\"}','Mozilla/5.0 (Windows NT 10.0; Win64; x64; rv:56.0) Gecko/20100101 Firefox/56.0','127.0.0.1','','2020-05-05 10:59:46'),(69,1,'http://127.0.0.1:9002/finance/pay-info?id=1','http://127.0.0.1:9002/finance/ops','{\"act\": \"express\", \"id\": \"1\"}','Mozilla/5.0 (Windows NT 10.0; Win64; x64; rv:56.0) Gecko/20100101 Firefox/56.0','127.0.0.1','','2020-05-05 11:05:11'),(70,1,'http://127.0.0.1:9002/finance/pay-info?id=1','http://127.0.0.1:9002/finance/pay-info?id=1','{\"id\": \"1\"}','Mozilla/5.0 (Windows NT 10.0; Win64; x64; rv:56.0) Gecko/20100101 Firefox/56.0','127.0.0.1','','2020-05-05 11:05:12'),(71,1,'','http://127.0.0.1:9002/finance/index','{}','Mozilla/5.0 (Windows NT 10.0; Win64; x64; rv:56.0) Gecko/20100101 Firefox/56.0','127.0.0.1','','2020-05-05 11:05:19'),(72,1,'http://127.0.0.1:9002/finance/index','http://127.0.0.1:9002/account/index','{}','Mozilla/5.0 (Windows NT 10.0; Win64; x64; rv:56.0) Gecko/20100101 Firefox/56.0','127.0.0.1','','2020-05-05 11:36:37'),(73,1,'http://127.0.0.1:9002/account/index','http://127.0.0.1:9002/account/info?id=1','{\"id\": \"1\"}','Mozilla/5.0 (Windows NT 10.0; Win64; x64; rv:56.0) Gecko/20100101 Firefox/56.0','127.0.0.1','','2020-05-05 11:36:46'),(74,1,'http://127.0.0.1:9002/account/index','http://127.0.0.1:9002/account/set?id=1','{\"id\": \"1\"}','Mozilla/5.0 (Windows NT 10.0; Win64; x64; rv:56.0) Gecko/20100101 Firefox/56.0','127.0.0.1','','2020-05-05 11:40:59'),(75,1,'http://127.0.0.1:9002/account/set?id=1','http://127.0.0.1:9002/account/set','{\"nickname\": \"\\u5f20\\u4e09\", \"mobile\": \"11012345679\", \"email\": \"123@163.com\", \"login_name\": \"9527\", \"login_pwd\": \"******\", \"id\": \"1\"}','Mozilla/5.0 (Windows NT 10.0; Win64; x64; rv:56.0) Gecko/20100101 Firefox/56.0','127.0.0.1','','2020-05-05 11:41:32'),(76,0,'http://127.0.0.1:9002/account/set?id=1','http://127.0.0.1:9002/account/index','{}','Mozilla/5.0 (Windows NT 10.0; Win64; x64; rv:56.0) Gecko/20100101 Firefox/56.0','127.0.0.1','','2020-05-05 11:41:35'),(77,0,'http://127.0.0.1:9002/account/set?id=1','http://127.0.0.1:9002/user/login','{}','Mozilla/5.0 (Windows NT 10.0; Win64; x64; rv:56.0) Gecko/20100101 Firefox/56.0','127.0.0.1','','2020-05-05 11:41:36'),(78,0,'http://127.0.0.1:9002/user/login','http://127.0.0.1:9002/user/login','{\"login_name\": \"9527\", \"login_pwd\": \"123456\"}','Mozilla/5.0 (Windows NT 10.0; Win64; x64; rv:56.0) Gecko/20100101 Firefox/56.0','127.0.0.1','','2020-05-05 11:41:44'),(79,1,'http://127.0.0.1:9002/user/login','http://127.0.0.1:9002/','{}','Mozilla/5.0 (Windows NT 10.0; Win64; x64; rv:56.0) Gecko/20100101 Firefox/56.0','127.0.0.1','','2020-05-05 11:41:46'),(80,1,'http://127.0.0.1:9002/','http://127.0.0.1:9002/chart/dashboard','{}','Mozilla/5.0 (Windows NT 10.0; Win64; x64; rv:56.0) Gecko/20100101 Firefox/56.0','127.0.0.1','','2020-05-05 11:41:47'),(81,1,'http://127.0.0.1:9002/','http://127.0.0.1:9002/chart/finance','{}','Mozilla/5.0 (Windows NT 10.0; Win64; x64; rv:56.0) Gecko/20100101 Firefox/56.0','127.0.0.1','','2020-05-05 11:41:47'),(82,1,'http://127.0.0.1:9002/','http://127.0.0.1:9002/account/index','{}','Mozilla/5.0 (Windows NT 10.0; Win64; x64; rv:56.0) Gecko/20100101 Firefox/56.0','127.0.0.1','','2020-05-05 11:41:49'),(83,1,'http://127.0.0.1:9002/account/index','http://127.0.0.1:9002/account/info?id=1','{\"id\": \"1\"}','Mozilla/5.0 (Windows NT 10.0; Win64; x64; rv:56.0) Gecko/20100101 Firefox/56.0','127.0.0.1','','2020-05-05 11:41:51'),(84,1,'','http://127.0.0.1:9002/account/info1','{}','Mozilla/5.0 (Windows NT 10.0; Win64; x64; rv:56.0) Gecko/20100101 Firefox/56.0','127.0.0.1','','2020-05-05 11:50:44'),(85,1,'http://127.0.0.1:9002/account/info?id=1','http://127.0.0.1:9002/user/logout','{}','Mozilla/5.0 (Windows NT 10.0; Win64; x64; rv:56.0) Gecko/20100101 Firefox/56.0','127.0.0.1','','2020-05-05 13:01:39'),(86,0,'http://127.0.0.1:9002/account/info?id=1','http://127.0.0.1:9002/user/login','{}','Mozilla/5.0 (Windows NT 10.0; Win64; x64; rv:56.0) Gecko/20100101 Firefox/56.0','127.0.0.1','','2020-05-05 13:01:40'),(87,0,'http://127.0.0.1:9002/user/login','http://127.0.0.1:9002/user/login','{\"login_name\": \"123\", \"login_pwd\": \"123456\"}','Mozilla/5.0 (Windows NT 10.0; Win64; x64; rv:56.0) Gecko/20100101 Firefox/56.0','127.0.0.1','','2020-05-05 13:01:45'),(88,0,'http://127.0.0.1:9002/user/login','http://127.0.0.1:9002/user/login','{\"login_name\": \"9527\", \"login_pwd\": \"123456\"}','Mozilla/5.0 (Windows NT 10.0; Win64; x64; rv:56.0) Gecko/20100101 Firefox/56.0','127.0.0.1','','2020-05-05 13:02:44'),(89,1,'http://127.0.0.1:9002/user/login','http://127.0.0.1:9002/','{}','Mozilla/5.0 (Windows NT 10.0; Win64; x64; rv:56.0) Gecko/20100101 Firefox/56.0','127.0.0.1','','2020-05-05 13:02:45'),(90,1,'http://127.0.0.1:9002/','http://127.0.0.1:9002/chart/dashboard','{}','Mozilla/5.0 (Windows NT 10.0; Win64; x64; rv:56.0) Gecko/20100101 Firefox/56.0','127.0.0.1','','2020-05-05 13:02:46'),(91,1,'http://127.0.0.1:9002/','http://127.0.0.1:9002/chart/finance','{}','Mozilla/5.0 (Windows NT 10.0; Win64; x64; rv:56.0) Gecko/20100101 Firefox/56.0','127.0.0.1','','2020-05-05 13:02:46'),(92,1,'http://127.0.0.1:9002/','http://127.0.0.1:9002/account/index','{}','Mozilla/5.0 (Windows NT 10.0; Win64; x64; rv:56.0) Gecko/20100101 Firefox/56.0','127.0.0.1','','2020-05-05 13:02:47'),(93,1,'http://127.0.0.1:9002/account/index','http://127.0.0.1:9002/account/set','{}','Mozilla/5.0 (Windows NT 10.0; Win64; x64; rv:56.0) Gecko/20100101 Firefox/56.0','127.0.0.1','','2020-05-05 13:02:49'),(94,0,'','http://127.0.0.1:9002/','{}','Mozilla/5.0 (Windows NT 10.0; Win64; x64; rv:56.0) Gecko/20100101 Firefox/56.0','127.0.0.1','','2020-05-15 14:12:52'),(95,0,'','http://127.0.0.1:9002/user/login','{}','Mozilla/5.0 (Windows NT 10.0; Win64; x64; rv:56.0) Gecko/20100101 Firefox/56.0','127.0.0.1','','2020-05-15 14:12:54'),(96,0,'http://127.0.0.1:9002/user/login','http://127.0.0.1:9002/user/login','{\"login_name\": \"9527\", \"login_pwd\": \"123456\"}','Mozilla/5.0 (Windows NT 10.0; Win64; x64; rv:56.0) Gecko/20100101 Firefox/56.0','127.0.0.1','','2020-05-15 15:40:00'),(97,1,'http://127.0.0.1:9002/user/login','http://127.0.0.1:9002/','{}','Mozilla/5.0 (Windows NT 10.0; Win64; x64; rv:56.0) Gecko/20100101 Firefox/56.0','127.0.0.1','','2020-05-15 15:40:06'),(98,1,'http://127.0.0.1:9002/','http://127.0.0.1:9002/chart/dashboard','{}','Mozilla/5.0 (Windows NT 10.0; Win64; x64; rv:56.0) Gecko/20100101 Firefox/56.0','127.0.0.1','','2020-05-15 15:40:18'),(99,1,'http://127.0.0.1:9002/','http://127.0.0.1:9002/chart/finance','{}','Mozilla/5.0 (Windows NT 10.0; Win64; x64; rv:56.0) Gecko/20100101 Firefox/56.0','127.0.0.1','','2020-05-15 15:40:19'),(100,1,'','http://127.0.0.1:9002/','{}','Mozilla/5.0 (Windows NT 10.0; Win64; x64; rv:56.0) Gecko/20100101 Firefox/56.0','127.0.0.1','','2020-05-15 15:48:17'),(101,1,'http://127.0.0.1:9002/','http://127.0.0.1:9002/chart/dashboard','{}','Mozilla/5.0 (Windows NT 10.0; Win64; x64; rv:56.0) Gecko/20100101 Firefox/56.0','127.0.0.1','','2020-05-15 15:48:19'),(102,1,'http://127.0.0.1:9002/','http://127.0.0.1:9002/chart/finance','{}','Mozilla/5.0 (Windows NT 10.0; Win64; x64; rv:56.0) Gecko/20100101 Firefox/56.0','127.0.0.1','','2020-05-15 15:48:20'),(103,1,'http://127.0.0.1:9002/','http://127.0.0.1:9002/finance/index','{}','Mozilla/5.0 (Windows NT 10.0; Win64; x64; rv:56.0) Gecko/20100101 Firefox/56.0','127.0.0.1','','2020-05-15 15:48:42'),(104,1,'http://127.0.0.1:9002/finance/index','http://127.0.0.1:9002/stat/index','{}','Mozilla/5.0 (Windows NT 10.0; Win64; x64; rv:56.0) Gecko/20100101 Firefox/56.0','127.0.0.1','','2020-05-15 15:48:48'),(105,1,'http://127.0.0.1:9002/stat/index','http://127.0.0.1:9002/chart/finance','{}','Mozilla/5.0 (Windows NT 10.0; Win64; x64; rv:56.0) Gecko/20100101 Firefox/56.0','127.0.0.1','','2020-05-15 15:48:50'),(106,1,'','http://127.0.0.1:9002/stat/index','{}','Mozilla/5.0 (Windows NT 10.0; Win64; x64; rv:56.0) Gecko/20100101 Firefox/56.0','127.0.0.1','','2020-05-15 15:49:41'),(107,1,'http://127.0.0.1:9002/stat/index','http://127.0.0.1:9002/chart/finance','{}','Mozilla/5.0 (Windows NT 10.0; Win64; x64; rv:56.0) Gecko/20100101 Firefox/56.0','127.0.0.1','','2020-05-15 15:49:42'),(108,1,'','http://127.0.0.1:9002/stat/index','{}','Mozilla/5.0 (Windows NT 10.0; Win64; x64; rv:56.0) Gecko/20100101 Firefox/56.0','127.0.0.1','','2020-05-15 15:50:27'),(109,1,'http://127.0.0.1:9002/stat/index','http://127.0.0.1:9002/chart/finance','{}','Mozilla/5.0 (Windows NT 10.0; Win64; x64; rv:56.0) Gecko/20100101 Firefox/56.0','127.0.0.1','','2020-05-15 15:50:27'),(110,1,'http://127.0.0.1:9002/stat/index','http://127.0.0.1:9002/','{}','Mozilla/5.0 (Windows NT 10.0; Win64; x64; rv:56.0) Gecko/20100101 Firefox/56.0','127.0.0.1','','2020-05-15 15:50:32'),(111,1,'http://127.0.0.1:9002/','http://127.0.0.1:9002/chart/dashboard','{}','Mozilla/5.0 (Windows NT 10.0; Win64; x64; rv:56.0) Gecko/20100101 Firefox/56.0','127.0.0.1','','2020-05-15 15:50:33'),(112,1,'http://127.0.0.1:9002/','http://127.0.0.1:9002/chart/finance','{}','Mozilla/5.0 (Windows NT 10.0; Win64; x64; rv:56.0) Gecko/20100101 Firefox/56.0','127.0.0.1','','2020-05-15 15:50:33'),(113,1,'','http://127.0.0.1:9002/','{}','Mozilla/5.0 (Windows NT 10.0; Win64; x64; rv:56.0) Gecko/20100101 Firefox/56.0','127.0.0.1','','2020-05-15 15:58:05'),(114,1,'http://127.0.0.1:9002/','http://127.0.0.1:9002/chart/dashboard','{}','Mozilla/5.0 (Windows NT 10.0; Win64; x64; rv:56.0) Gecko/20100101 Firefox/56.0','127.0.0.1','','2020-05-15 15:58:06'),(115,1,'http://127.0.0.1:9002/','http://127.0.0.1:9002/chart/finance','{}','Mozilla/5.0 (Windows NT 10.0; Win64; x64; rv:56.0) Gecko/20100101 Firefox/56.0','127.0.0.1','','2020-05-15 15:58:07'),(116,1,'','http://127.0.0.1:9002/','{}','Mozilla/5.0 (Windows NT 10.0; Win64; x64; rv:56.0) Gecko/20100101 Firefox/56.0','127.0.0.1','','2020-05-15 16:02:06'),(117,1,'http://127.0.0.1:9002/','http://127.0.0.1:9002/chart/dashboard','{}','Mozilla/5.0 (Windows NT 10.0; Win64; x64; rv:56.0) Gecko/20100101 Firefox/56.0','127.0.0.1','','2020-05-15 16:02:18'),(118,1,'http://127.0.0.1:9002/','http://127.0.0.1:9002/chart/finance','{}','Mozilla/5.0 (Windows NT 10.0; Win64; x64; rv:56.0) Gecko/20100101 Firefox/56.0','127.0.0.1','','2020-05-15 16:02:19'),(119,1,'','http://127.0.0.1:9002/','{}','Mozilla/5.0 (Windows NT 10.0; Win64; x64; rv:56.0) Gecko/20100101 Firefox/56.0','127.0.0.1','','2020-05-15 16:04:07'),(120,1,'http://127.0.0.1:9002/','http://127.0.0.1:9002/chart/dashboard','{}','Mozilla/5.0 (Windows NT 10.0; Win64; x64; rv:56.0) Gecko/20100101 Firefox/56.0','127.0.0.1','','2020-05-15 16:04:11'),(121,1,'http://127.0.0.1:9002/','http://127.0.0.1:9002/chart/finance','{}','Mozilla/5.0 (Windows NT 10.0; Win64; x64; rv:56.0) Gecko/20100101 Firefox/56.0','127.0.0.1','','2020-05-15 16:04:11'),(122,1,'','http://127.0.0.1:9002/','{}','Mozilla/5.0 (Windows NT 10.0; Win64; x64; rv:56.0) Gecko/20100101 Firefox/56.0','127.0.0.1','','2020-05-15 16:04:58'),(123,1,'http://127.0.0.1:9002/','http://127.0.0.1:9002/chart/dashboard','{}','Mozilla/5.0 (Windows NT 10.0; Win64; x64; rv:56.0) Gecko/20100101 Firefox/56.0','127.0.0.1','','2020-05-15 16:05:00'),(124,1,'http://127.0.0.1:9002/','http://127.0.0.1:9002/chart/finance','{}','Mozilla/5.0 (Windows NT 10.0; Win64; x64; rv:56.0) Gecko/20100101 Firefox/56.0','127.0.0.1','','2020-05-15 16:05:00'),(125,1,'','http://127.0.0.1:9002/','{}','Mozilla/5.0 (Windows NT 10.0; Win64; x64; rv:56.0) Gecko/20100101 Firefox/56.0','127.0.0.1','','2020-05-15 16:06:31'),(126,1,'http://127.0.0.1:9002/','http://127.0.0.1:9002/chart/dashboard','{}','Mozilla/5.0 (Windows NT 10.0; Win64; x64; rv:56.0) Gecko/20100101 Firefox/56.0','127.0.0.1','','2020-05-15 16:06:35'),(127,1,'http://127.0.0.1:9002/','http://127.0.0.1:9002/chart/finance','{}','Mozilla/5.0 (Windows NT 10.0; Win64; x64; rv:56.0) Gecko/20100101 Firefox/56.0','127.0.0.1','','2020-05-15 16:06:35'),(128,1,'http://127.0.0.1:9002/','http://127.0.0.1:9002/user/logout','{}','Mozilla/5.0 (Windows NT 10.0; Win64; x64; rv:56.0) Gecko/20100101 Firefox/56.0','127.0.0.1','','2020-05-15 16:07:25'),(129,0,'http://127.0.0.1:9002/','http://127.0.0.1:9002/user/login','{}','Mozilla/5.0 (Windows NT 10.0; Win64; x64; rv:56.0) Gecko/20100101 Firefox/56.0','127.0.0.1','','2020-05-15 16:07:29'),(130,0,'http://127.0.0.1:9002/user/login','http://127.0.0.1:9002/user/login','{\"login_name\": \"9527\", \"login_pwd\": \"123456\"}','Mozilla/5.0 (Windows NT 10.0; Win64; x64; rv:56.0) Gecko/20100101 Firefox/56.0','127.0.0.1','','2020-05-15 16:20:06'),(131,1,'http://127.0.0.1:9002/user/login','http://127.0.0.1:9002/','{}','Mozilla/5.0 (Windows NT 10.0; Win64; x64; rv:56.0) Gecko/20100101 Firefox/56.0','127.0.0.1','','2020-05-15 16:20:22'),(132,1,'http://127.0.0.1:9002/','http://127.0.0.1:9002/chart/dashboard','{}','Mozilla/5.0 (Windows NT 10.0; Win64; x64; rv:56.0) Gecko/20100101 Firefox/56.0','127.0.0.1','','2020-05-15 16:20:37'),(133,1,'http://127.0.0.1:9002/','http://127.0.0.1:9002/chart/finance','{}','Mozilla/5.0 (Windows NT 10.0; Win64; x64; rv:56.0) Gecko/20100101 Firefox/56.0','127.0.0.1','','2020-05-15 16:20:37'),(134,1,'http://127.0.0.1:9002/','http://127.0.0.1:9002/food/index','{}','Mozilla/5.0 (Windows NT 10.0; Win64; x64; rv:56.0) Gecko/20100101 Firefox/56.0','127.0.0.1','','2020-05-15 16:21:15'),(135,1,'http://127.0.0.1:9002/food/index','http://127.0.0.1:9002/finance/index','{}','Mozilla/5.0 (Windows NT 10.0; Win64; x64; rv:56.0) Gecko/20100101 Firefox/56.0','127.0.0.1','','2020-05-15 16:21:32'),(136,1,'http://127.0.0.1:9002/finance/index','http://127.0.0.1:9002/finance/pay-info?id=3','{\"id\": \"3\"}','Mozilla/5.0 (Windows NT 10.0; Win64; x64; rv:56.0) Gecko/20100101 Firefox/56.0','127.0.0.1','','2020-05-15 16:21:45'),(137,1,'http://127.0.0.1:9002/finance/pay-info?id=3','http://127.0.0.1:9002/finance/ops','{\"act\": \"express\", \"id\": \"3\"}','Mozilla/5.0 (Windows NT 10.0; Win64; x64; rv:56.0) Gecko/20100101 Firefox/56.0','127.0.0.1','','2020-05-15 16:21:53'),(138,1,'http://127.0.0.1:9002/finance/pay-info?id=3','http://127.0.0.1:9002/finance/pay-info?id=3','{\"id\": \"3\"}','Mozilla/5.0 (Windows NT 10.0; Win64; x64; rv:56.0) Gecko/20100101 Firefox/56.0','127.0.0.1','','2020-05-15 16:21:55'),(139,1,'','http://127.0.0.1:9002/finance/index','{}','Mozilla/5.0 (Windows NT 10.0; Win64; x64; rv:56.0) Gecko/20100101 Firefox/56.0','127.0.0.1','','2020-05-15 16:22:03'),(140,1,'http://127.0.0.1:9002/finance/index','http://127.0.0.1:9002/account/index','{}','Mozilla/5.0 (Windows NT 10.0; Win64; x64; rv:56.0) Gecko/20100101 Firefox/56.0','127.0.0.1','','2020-05-15 16:26:10'),(141,1,'http://127.0.0.1:9002/account/index','http://127.0.0.1:9002/account/info?id=1','{\"id\": \"1\"}','Mozilla/5.0 (Windows NT 10.0; Win64; x64; rv:56.0) Gecko/20100101 Firefox/56.0','127.0.0.1','','2020-05-15 16:26:17'),(142,1,'http://127.0.0.1:9002/account/index','http://127.0.0.1:9002/account/set','{}','Mozilla/5.0 (Windows NT 10.0; Win64; x64; rv:56.0) Gecko/20100101 Firefox/56.0','127.0.0.1','','2020-05-15 16:26:29'),(143,1,'http://127.0.0.1:9002/account/index','http://127.0.0.1:9002/food/index','{}','Mozilla/5.0 (Windows NT 10.0; Win64; x64; rv:56.0) Gecko/20100101 Firefox/56.0','127.0.0.1','','2020-05-15 16:26:34'),(144,1,'http://127.0.0.1:9002/food/index','http://127.0.0.1:9002/food/info?id=7','{\"id\": \"7\"}','Mozilla/5.0 (Windows NT 10.0; Win64; x64; rv:56.0) Gecko/20100101 Firefox/56.0','127.0.0.1','','2020-05-15 16:26:40'),(145,1,'http://127.0.0.1:9002/food/index','http://127.0.0.1:9002/food/set','{}','Mozilla/5.0 (Windows NT 10.0; Win64; x64; rv:56.0) Gecko/20100101 Firefox/56.0','127.0.0.1','','2020-05-15 16:26:52'),(146,1,'http://127.0.0.1:9002/food/set','http://127.0.0.1:9002/upload/ueditor?action=config&&noCache=1589531217287','{\"action\": \"config\", \"noCache\": \"1589531217287\"}','Mozilla/5.0 (Windows NT 10.0; Win64; x64; rv:56.0) Gecko/20100101 Firefox/56.0','127.0.0.1','','2020-05-15 16:26:57'),(147,1,'http://127.0.0.1:9002/food/set','http://127.0.0.1:9002/food/cat','{}','Mozilla/5.0 (Windows NT 10.0; Win64; x64; rv:56.0) Gecko/20100101 Firefox/56.0','127.0.0.1','','2020-05-15 16:27:04'),(148,1,'http://127.0.0.1:9002/food/cat','http://127.0.0.1:9002/food/cat-set','{}','Mozilla/5.0 (Windows NT 10.0; Win64; x64; rv:56.0) Gecko/20100101 Firefox/56.0','127.0.0.1','','2020-05-15 16:27:08'),(149,1,'http://127.0.0.1:9002/food/cat-set','http://127.0.0.1:9002/food/cat-set','{\"name\": \"\\u9c81\\u83dc\", \"weight\": \"10\", \"id\": \"\"}','Mozilla/5.0 (Windows NT 10.0; Win64; x64; rv:56.0) Gecko/20100101 Firefox/56.0','127.0.0.1','','2020-05-15 16:28:20'),(150,1,'http://127.0.0.1:9002/food/cat-set','http://127.0.0.1:9002/food/cat','{}','Mozilla/5.0 (Windows NT 10.0; Win64; x64; rv:56.0) Gecko/20100101 Firefox/56.0','127.0.0.1','','2020-05-15 16:28:22'),(151,1,'http://127.0.0.1:9002/food/cat','http://127.0.0.1:9002/food/index','{}','Mozilla/5.0 (Windows NT 10.0; Win64; x64; rv:56.0) Gecko/20100101 Firefox/56.0','127.0.0.1','','2020-05-15 16:28:24'),(152,1,'http://127.0.0.1:9002/food/index','http://127.0.0.1:9002/food/set','{}','Mozilla/5.0 (Windows NT 10.0; Win64; x64; rv:56.0) Gecko/20100101 Firefox/56.0','127.0.0.1','','2020-05-15 16:28:31'),(153,1,'http://127.0.0.1:9002/food/set','http://127.0.0.1:9002/upload/ueditor?action=config&&noCache=1589531313207','{\"action\": \"config\", \"noCache\": \"1589531313207\"}','Mozilla/5.0 (Windows NT 10.0; Win64; x64; rv:56.0) Gecko/20100101 Firefox/56.0','127.0.0.1','','2020-05-15 16:28:33'),(154,1,'http://127.0.0.1:9002/food/set','http://127.0.0.1:9002/upload/pic','{}','Mozilla/5.0 (Windows NT 10.0; Win64; x64; rv:56.0) Gecko/20100101 Firefox/56.0','127.0.0.1','','2020-05-15 16:29:28'),(155,1,'http://127.0.0.1:9002/food/set','http://127.0.0.1:9002/food/set','{\"cat_id\": \"5\", \"name\": \"\\u7cd6\\u918b\\u9ca4\\u9c7c\", \"price\": \"15\", \"main_image\": \"20200515/620858717a704b5d8bfb950f5036a68a.jpg\", \"summary\": \"<p>\\u5e97\\u957f\\u63a8\\u8350<br/></p>\", \"stock\": \"50\", \"tags\": \"\\u9178\\u751c\", \"id\": \"\"}','Mozilla/5.0 (Windows NT 10.0; Win64; x64; rv:56.0) Gecko/20100101 Firefox/56.0','127.0.0.1','','2020-05-15 16:30:25'),(156,1,'http://127.0.0.1:9002/food/set','http://127.0.0.1:9002/food/index','{}','Mozilla/5.0 (Windows NT 10.0; Win64; x64; rv:56.0) Gecko/20100101 Firefox/56.0','127.0.0.1','','2020-05-15 16:30:29'),(157,1,'http://127.0.0.1:9002/food/index','http://127.0.0.1:9002/member/index','{}','Mozilla/5.0 (Windows NT 10.0; Win64; x64; rv:56.0) Gecko/20100101 Firefox/56.0','127.0.0.1','','2020-05-15 16:34:34'),(158,1,'http://127.0.0.1:9002/member/index','http://127.0.0.1:9002/member/comment','{}','Mozilla/5.0 (Windows NT 10.0; Win64; x64; rv:56.0) Gecko/20100101 Firefox/56.0','127.0.0.1','','2020-05-15 16:34:42'),(159,1,'http://127.0.0.1:9002/member/index','http://127.0.0.1:9002/member/index','{}','Mozilla/5.0 (Windows NT 10.0; Win64; x64; rv:56.0) Gecko/20100101 Firefox/56.0','127.0.0.1','','2020-05-15 16:34:57'),(160,1,'http://127.0.0.1:9002/member/index','http://127.0.0.1:9002/finance/index','{}','Mozilla/5.0 (Windows NT 10.0; Win64; x64; rv:56.0) Gecko/20100101 Firefox/56.0','127.0.0.1','','2020-05-15 16:35:07'),(161,1,'http://127.0.0.1:9002/finance/index','http://127.0.0.1:9002/finance/account','{}','Mozilla/5.0 (Windows NT 10.0; Win64; x64; rv:56.0) Gecko/20100101 Firefox/56.0','127.0.0.1','','2020-05-15 16:35:13'),(162,1,'http://127.0.0.1:9002/finance/account','http://127.0.0.1:9002/stat/index','{}','Mozilla/5.0 (Windows NT 10.0; Win64; x64; rv:56.0) Gecko/20100101 Firefox/56.0','127.0.0.1','','2020-05-15 16:35:28'),(163,1,'http://127.0.0.1:9002/stat/index','http://127.0.0.1:9002/chart/finance','{}','Mozilla/5.0 (Windows NT 10.0; Win64; x64; rv:56.0) Gecko/20100101 Firefox/56.0','127.0.0.1','','2020-05-15 16:35:37'),(164,1,'http://127.0.0.1:9002/stat/index','http://127.0.0.1:9002/stat/food','{}','Mozilla/5.0 (Windows NT 10.0; Win64; x64; rv:56.0) Gecko/20100101 Firefox/56.0','127.0.0.1','','2020-05-15 16:36:09'),(165,1,'http://127.0.0.1:9002/stat/food','http://127.0.0.1:9002/stat/member','{}','Mozilla/5.0 (Windows NT 10.0; Win64; x64; rv:56.0) Gecko/20100101 Firefox/56.0','127.0.0.1','','2020-05-15 16:36:19'),(166,1,'http://127.0.0.1:9002/stat/member','http://127.0.0.1:9002/stat/share','{}','Mozilla/5.0 (Windows NT 10.0; Win64; x64; rv:56.0) Gecko/20100101 Firefox/56.0','127.0.0.1','','2020-05-15 16:36:27'),(167,1,'http://127.0.0.1:9002/stat/share','http://127.0.0.1:9002/chart/share','{}','Mozilla/5.0 (Windows NT 10.0; Win64; x64; rv:56.0) Gecko/20100101 Firefox/56.0','127.0.0.1','','2020-05-15 16:36:28'),(168,1,'http://127.0.0.1:9002/stat/share','http://127.0.0.1:9002/stat/index','{}','Mozilla/5.0 (Windows NT 10.0; Win64; x64; rv:56.0) Gecko/20100101 Firefox/56.0','127.0.0.1','','2020-05-15 19:26:38'),(169,1,'http://127.0.0.1:9002/stat/index','http://127.0.0.1:9002/chart/finance','{}','Mozilla/5.0 (Windows NT 10.0; Win64; x64; rv:56.0) Gecko/20100101 Firefox/56.0','127.0.0.1','','2020-05-15 19:26:41'),(170,0,'','http://127.0.0.1:9002/','{}','Mozilla/5.0 (Windows NT 10.0; Win64; x64) AppleWebKit/537.36 (KHTML, like Gecko) Chrome/96.0.4664.110 Safari/537.36','127.0.0.1','','2021-12-27 19:56:28'),(171,0,'','http://127.0.0.1:9002/user/login','{}','Mozilla/5.0 (Windows NT 10.0; Win64; x64) AppleWebKit/537.36 (KHTML, like Gecko) Chrome/96.0.4664.110 Safari/537.36','127.0.0.1','','2021-12-27 19:56:28'),(172,0,'http://127.0.0.1:9002/user/login','http://127.0.0.1:9002/user/login','{\"login_name\": \"admin\", \"login_pwd\": \"123456\"}','Mozilla/5.0 (Windows NT 10.0; Win64; x64) AppleWebKit/537.36 (KHTML, like Gecko) Chrome/96.0.4664.110 Safari/537.36','127.0.0.1','','2021-12-27 19:56:49'),(173,0,'http://127.0.0.1:9002/user/login','http://127.0.0.1:9002/user/login','{\"login_name\": \"\\u5f20\\u4e09\", \"login_pwd\": \"123456\"}','Mozilla/5.0 (Windows NT 10.0; Win64; x64) AppleWebKit/537.36 (KHTML, like Gecko) Chrome/96.0.4664.110 Safari/537.36','127.0.0.1','','2021-12-27 19:57:06'),(174,0,'http://127.0.0.1:9002/user/login','http://127.0.0.1:9002/user/login','{\"login_name\": \"\\u5f20\\u4e09\", \"login_pwd\": \"123\"}','Mozilla/5.0 (Windows NT 10.0; Win64; x64) AppleWebKit/537.36 (KHTML, like Gecko) Chrome/96.0.4664.110 Safari/537.36','127.0.0.1','','2021-12-27 19:57:10'),(175,0,'http://127.0.0.1:9002/user/login','http://127.0.0.1:9002/user/login','{\"login_name\": \"\\u5f20\\u4e09\", \"login_pwd\": \"1234\"}','Mozilla/5.0 (Windows NT 10.0; Win64; x64) AppleWebKit/537.36 (KHTML, like Gecko) Chrome/96.0.4664.110 Safari/537.36','127.0.0.1','','2021-12-27 19:57:15'),(176,0,'http://127.0.0.1:9002/user/login','http://127.0.0.1:9002/user/login','{\"login_name\": \"1\", \"login_pwd\": \"123\"}','Mozilla/5.0 (Windows NT 10.0; Win64; x64) AppleWebKit/537.36 (KHTML, like Gecko) Chrome/96.0.4664.110 Safari/537.36','127.0.0.1','','2021-12-27 19:58:07'),(177,0,'http://127.0.0.1:9002/user/login','http://127.0.0.1:9002/user/login','{\"login_name\": \"admin\", \"login_pwd\": \"123456\"}','Mozilla/5.0 (Windows NT 10.0; Win64; x64) AppleWebKit/537.36 (KHTML, like Gecko) Chrome/96.0.4664.110 Safari/537.36','127.0.0.1','','2021-12-27 19:59:40'),(178,0,'http://127.0.0.1:9002/user/login','http://127.0.0.1:9002/user/login','{\"login_name\": \"admin\", \"login_pwd\": \"123\"}','Mozilla/5.0 (Windows NT 10.0; Win64; x64) AppleWebKit/537.36 (KHTML, like Gecko) Chrome/96.0.4664.110 Safari/537.36','127.0.0.1','','2021-12-27 19:59:45'),(179,0,'http://127.0.0.1:9002/user/login','http://127.0.0.1:9002/user/login','{\"login_name\": \"admin\", \"login_pwd\": \"123456789\"}','Mozilla/5.0 (Windows NT 10.0; Win64; x64) AppleWebKit/537.36 (KHTML, like Gecko) Chrome/96.0.4664.110 Safari/537.36','127.0.0.1','','2021-12-27 19:59:54'),(180,0,'http://127.0.0.1:9002/user/login','http://127.0.0.1:9002/user/login','{\"login_name\": \"admin\", \"login_pwd\": \"111\"}','Mozilla/5.0 (Windows NT 10.0; Win64; x64) AppleWebKit/537.36 (KHTML, like Gecko) Chrome/96.0.4664.110 Safari/537.36','127.0.0.1','','2021-12-27 20:00:03'),(181,0,'http://127.0.0.1:9002/user/login','http://127.0.0.1:9002/user/login','{\"login_name\": \"9527\", \"login_pwd\": \"123456\"}','Mozilla/5.0 (Windows NT 10.0; Win64; x64) AppleWebKit/537.36 (KHTML, like Gecko) Chrome/96.0.4664.110 Safari/537.36','127.0.0.1','','2021-12-27 20:02:17'),(182,1,'http://127.0.0.1:9002/user/login','http://127.0.0.1:9002/','{}','Mozilla/5.0 (Windows NT 10.0; Win64; x64) AppleWebKit/537.36 (KHTML, like Gecko) Chrome/96.0.4664.110 Safari/537.36','127.0.0.1','','2021-12-27 20:02:18'),(183,1,'http://127.0.0.1:9002/','http://127.0.0.1:9002/chart/dashboard','{}','Mozilla/5.0 (Windows NT 10.0; Win64; x64) AppleWebKit/537.36 (KHTML, like Gecko) Chrome/96.0.4664.110 Safari/537.36','127.0.0.1','','2021-12-27 20:02:18'),(184,1,'http://127.0.0.1:9002/','http://127.0.0.1:9002/chart/finance','{}','Mozilla/5.0 (Windows NT 10.0; Win64; x64) AppleWebKit/537.36 (KHTML, like Gecko) Chrome/96.0.4664.110 Safari/537.36','127.0.0.1','','2021-12-27 20:02:19'),(185,1,'http://127.0.0.1:9002/','http://127.0.0.1:9002/account/index','{}','Mozilla/5.0 (Windows NT 10.0; Win64; x64) AppleWebKit/537.36 (KHTML, like Gecko) Chrome/96.0.4664.110 Safari/537.36','127.0.0.1','','2021-12-27 20:03:27'),(186,1,'http://127.0.0.1:9002/','http://127.0.0.1:9002/account/index','{}','Mozilla/5.0 (Windows NT 10.0; Win64; x64) AppleWebKit/537.36 (KHTML, like Gecko) Chrome/96.0.4664.110 Safari/537.36','127.0.0.1','','2021-12-27 20:03:28'),(187,1,'http://127.0.0.1:9002/account/index','http://127.0.0.1:9002/food/index','{}','Mozilla/5.0 (Windows NT 10.0; Win64; x64) AppleWebKit/537.36 (KHTML, like Gecko) Chrome/96.0.4664.110 Safari/537.36','127.0.0.1','','2021-12-27 20:03:34'),(188,1,'http://127.0.0.1:9002/food/index','http://127.0.0.1:9002/member/index','{}','Mozilla/5.0 (Windows NT 10.0; Win64; x64) AppleWebKit/537.36 (KHTML, like Gecko) Chrome/96.0.4664.110 Safari/537.36','127.0.0.1','','2021-12-27 20:03:37'),(189,1,'http://127.0.0.1:9002/member/index','http://127.0.0.1:9002/food/index','{}','Mozilla/5.0 (Windows NT 10.0; Win64; x64) AppleWebKit/537.36 (KHTML, like Gecko) Chrome/96.0.4664.110 Safari/537.36','127.0.0.1','','2021-12-27 20:03:42'),(190,1,'http://127.0.0.1:9002/member/index','http://127.0.0.1:9002/food/index','{}','Mozilla/5.0 (Windows NT 10.0; Win64; x64) AppleWebKit/537.36 (KHTML, like Gecko) Chrome/96.0.4664.110 Safari/537.36','127.0.0.1','','2021-12-27 20:03:42'),(191,1,'http://127.0.0.1:9002/food/index','http://127.0.0.1:9002/finance/index','{}','Mozilla/5.0 (Windows NT 10.0; Win64; x64) AppleWebKit/537.36 (KHTML, like Gecko) Chrome/96.0.4664.110 Safari/537.36','127.0.0.1','','2021-12-27 20:03:52'),(192,1,'http://127.0.0.1:9002/food/index','http://127.0.0.1:9002/finance/index','{}','Mozilla/5.0 (Windows NT 10.0; Win64; x64) AppleWebKit/537.36 (KHTML, like Gecko) Chrome/96.0.4664.110 Safari/537.36','127.0.0.1','','2021-12-27 20:03:52'),(193,1,'http://127.0.0.1:9002/finance/index','http://127.0.0.1:9002/stat/index','{}','Mozilla/5.0 (Windows NT 10.0; Win64; x64) AppleWebKit/537.36 (KHTML, like Gecko) Chrome/96.0.4664.110 Safari/537.36','127.0.0.1','','2021-12-27 20:03:55'),(194,1,'http://127.0.0.1:9002/stat/index','http://127.0.0.1:9002/chart/finance','{}','Mozilla/5.0 (Windows NT 10.0; Win64; x64) AppleWebKit/537.36 (KHTML, like Gecko) Chrome/96.0.4664.110 Safari/537.36','127.0.0.1','','2021-12-27 20:03:55'),(195,1,'http://127.0.0.1:9002/stat/index','http://127.0.0.1:9002/stat/food','{}','Mozilla/5.0 (Windows NT 10.0; Win64; x64) AppleWebKit/537.36 (KHTML, like Gecko) Chrome/96.0.4664.110 Safari/537.36','127.0.0.1','','2021-12-27 20:03:58'),(196,1,'http://127.0.0.1:9002/stat/food','http://127.0.0.1:9002/stat/index','{}','Mozilla/5.0 (Windows NT 10.0; Win64; x64) AppleWebKit/537.36 (KHTML, like Gecko) Chrome/96.0.4664.110 Safari/537.36','127.0.0.1','','2021-12-27 20:03:59'),(197,1,'http://127.0.0.1:9002/stat/index','http://127.0.0.1:9002/chart/finance','{}','Mozilla/5.0 (Windows NT 10.0; Win64; x64) AppleWebKit/537.36 (KHTML, like Gecko) Chrome/96.0.4664.110 Safari/537.36','127.0.0.1','','2021-12-27 20:03:59'),(198,1,'http://127.0.0.1:9002/stat/index','http://127.0.0.1:9002/stat/member','{}','Mozilla/5.0 (Windows NT 10.0; Win64; x64) AppleWebKit/537.36 (KHTML, like Gecko) Chrome/96.0.4664.110 Safari/537.36','127.0.0.1','','2021-12-27 20:04:02'),(199,1,'http://127.0.0.1:9002/stat/index','http://127.0.0.1:9002/stat/index?date_from=2021-11-27&date_to=2021-12-27','{\"date_from\": \"2021-11-27\", \"date_to\": \"2021-12-27\"}','Mozilla/5.0 (Windows NT 10.0; Win64; x64) AppleWebKit/537.36 (KHTML, like Gecko) Chrome/96.0.4664.110 Safari/537.36','127.0.0.1','','2021-12-27 20:04:02'),(200,1,'http://127.0.0.1:9002/stat/member','http://127.0.0.1:9002/stat/share','{}','Mozilla/5.0 (Windows NT 10.0; Win64; x64) AppleWebKit/537.36 (KHTML, like Gecko) Chrome/96.0.4664.110 Safari/537.36','127.0.0.1','','2021-12-27 20:04:05'),(201,1,'http://127.0.0.1:9002/stat/member','http://127.0.0.1:9002/stat/share','{}','Mozilla/5.0 (Windows NT 10.0; Win64; x64) AppleWebKit/537.36 (KHTML, like Gecko) Chrome/96.0.4664.110 Safari/537.36','127.0.0.1','','2021-12-27 20:04:06'),(202,1,'http://127.0.0.1:9002/stat/share','http://127.0.0.1:9002/chart/share','{}','Mozilla/5.0 (Windows NT 10.0; Win64; x64) AppleWebKit/537.36 (KHTML, like Gecko) Chrome/96.0.4664.110 Safari/537.36','127.0.0.1','','2021-12-27 20:04:06'),(203,1,'http://127.0.0.1:9002/stat/share','http://127.0.0.1:9002/stat/share','{}','Mozilla/5.0 (Windows NT 10.0; Win64; x64) AppleWebKit/537.36 (KHTML, like Gecko) Chrome/96.0.4664.110 Safari/537.36','127.0.0.1','','2021-12-27 20:04:12'),(204,1,'http://127.0.0.1:9002/stat/share','http://127.0.0.1:9002/stat/index','{}','Mozilla/5.0 (Windows NT 10.0; Win64; x64) AppleWebKit/537.36 (KHTML, like Gecko) Chrome/96.0.4664.110 Safari/537.36','127.0.0.1','','2021-12-27 20:04:12'),(205,1,'http://127.0.0.1:9002/stat/share','http://127.0.0.1:9002/chart/share','{}','Mozilla/5.0 (Windows NT 10.0; Win64; x64) AppleWebKit/537.36 (KHTML, like Gecko) Chrome/96.0.4664.110 Safari/537.36','127.0.0.1','','2021-12-27 20:04:12'),(206,1,'http://127.0.0.1:9002/stat/share','http://127.0.0.1:9002/finance/index','{}','Mozilla/5.0 (Windows NT 10.0; Win64; x64) AppleWebKit/537.36 (KHTML, like Gecko) Chrome/96.0.4664.110 Safari/537.36','127.0.0.1','','2021-12-27 20:04:14'),(207,1,'http://127.0.0.1:9002/finance/index','http://127.0.0.1:9002/','{}','Mozilla/5.0 (Windows NT 10.0; Win64; x64) AppleWebKit/537.36 (KHTML, like Gecko) Chrome/96.0.4664.110 Safari/537.36','127.0.0.1','','2021-12-27 20:04:19'),(208,1,'http://127.0.0.1:9002/','http://127.0.0.1:9002/chart/dashboard','{}','Mozilla/5.0 (Windows NT 10.0; Win64; x64) AppleWebKit/537.36 (KHTML, like Gecko) Chrome/96.0.4664.110 Safari/537.36','127.0.0.1','','2021-12-27 20:04:19'),(209,1,'http://127.0.0.1:9002/','http://127.0.0.1:9002/chart/finance','{}','Mozilla/5.0 (Windows NT 10.0; Win64; x64) AppleWebKit/537.36 (KHTML, like Gecko) Chrome/96.0.4664.110 Safari/537.36','127.0.0.1','','2021-12-27 20:04:19'),(210,1,'http://127.0.0.1:9002/','http://127.0.0.1:9002/account/index','{}','Mozilla/5.0 (Windows NT 10.0; Win64; x64) AppleWebKit/537.36 (KHTML, like Gecko) Chrome/96.0.4664.110 Safari/537.36','127.0.0.1','','2021-12-27 20:04:21'),(211,1,'http://127.0.0.1:9002/account/index','http://127.0.0.1:9002/account/info?id=1','{\"id\": \"1\"}','Mozilla/5.0 (Windows NT 10.0; Win64; x64) AppleWebKit/537.36 (KHTML, like Gecko) Chrome/96.0.4664.110 Safari/537.36','127.0.0.1','','2021-12-27 20:04:23'),(212,1,'http://127.0.0.1:9002/account/info?id=1','http://127.0.0.1:9002/','{}','Mozilla/5.0 (Windows NT 10.0; Win64; x64) AppleWebKit/537.36 (KHTML, like Gecko) Chrome/96.0.4664.110 Safari/537.36','127.0.0.1','','2021-12-27 20:04:43'),(213,1,'http://127.0.0.1:9002/','http://127.0.0.1:9002/chart/dashboard','{}','Mozilla/5.0 (Windows NT 10.0; Win64; x64) AppleWebKit/537.36 (KHTML, like Gecko) Chrome/96.0.4664.110 Safari/537.36','127.0.0.1','','2021-12-27 20:04:44'),(214,1,'http://127.0.0.1:9002/','http://127.0.0.1:9002/chart/finance','{}','Mozilla/5.0 (Windows NT 10.0; Win64; x64) AppleWebKit/537.36 (KHTML, like Gecko) Chrome/96.0.4664.110 Safari/537.36','127.0.0.1','','2021-12-27 20:04:44'),(215,0,'http://127.0.0.1:9002/','http://127.0.0.1:9002/chart/finance','{}','Mozilla/5.0 (Windows NT 10.0; Win64; x64) AppleWebKit/537.36 (KHTML, like Gecko) Chrome/96.0.4664.110 Safari/537.36','127.0.0.1','','2021-12-27 20:06:03'),(216,0,'http://127.0.0.1:9002/','http://127.0.0.1:9002/chart/dashboard','{}','Mozilla/5.0 (Windows NT 10.0; Win64; x64) AppleWebKit/537.36 (KHTML, like Gecko) Chrome/96.0.4664.110 Safari/537.36','127.0.0.1','','2021-12-27 20:06:03'),(217,0,'http://127.0.0.1:9002/','http://127.0.0.1:9002/user/login','{}','Mozilla/5.0 (Windows NT 10.0; Win64; x64) AppleWebKit/537.36 (KHTML, like Gecko) Chrome/96.0.4664.110 Safari/537.36','127.0.0.1','','2021-12-27 20:06:03'),(218,0,'http://127.0.0.1:9002/','http://127.0.0.1:9002/user/login','{}','Mozilla/5.0 (Windows NT 10.0; Win64; x64) AppleWebKit/537.36 (KHTML, like Gecko) Chrome/96.0.4664.110 Safari/537.36','127.0.0.1','','2021-12-27 20:06:03'),(219,0,'http://127.0.0.1:9002/','http://127.0.0.1:9002/account/index','{}','Mozilla/5.0 (Windows NT 10.0; Win64; x64) AppleWebKit/537.36 (KHTML, like Gecko) Chrome/96.0.4664.110 Safari/537.36','127.0.0.1','','2021-12-27 20:06:12'),(220,0,'http://127.0.0.1:9002/','http://127.0.0.1:9002/account/index','{}','Mozilla/5.0 (Windows NT 10.0; Win64; x64) AppleWebKit/537.36 (KHTML, like Gecko) Chrome/96.0.4664.110 Safari/537.36','127.0.0.1','','2021-12-27 20:06:12'),(221,0,'http://127.0.0.1:9002/','http://127.0.0.1:9002/user/login','{}','Mozilla/5.0 (Windows NT 10.0; Win64; x64) AppleWebKit/537.36 (KHTML, like Gecko) Chrome/96.0.4664.110 Safari/537.36','127.0.0.1','','2021-12-27 20:06:12'),(222,0,'http://127.0.0.1:9002/user/login','http://127.0.0.1:9002/user/login','{\"login_name\": \"9527\", \"login_pwd\": \"123456\"}','Mozilla/5.0 (Windows NT 10.0; Win64; x64) AppleWebKit/537.36 (KHTML, like Gecko) Chrome/96.0.4664.110 Safari/537.36','127.0.0.1','','2021-12-27 20:06:21'),(223,1,'http://127.0.0.1:9002/user/login','http://127.0.0.1:9002/user/login','{\"login_name\": \"9527\", \"login_pwd\": \"123456\"}','Mozilla/5.0 (Windows NT 10.0; Win64; x64) AppleWebKit/537.36 (KHTML, like Gecko) Chrome/96.0.4664.110 Safari/537.36','127.0.0.1','','2021-12-27 20:06:27'),(224,1,'http://127.0.0.1:9002/user/login','http://127.0.0.1:9002/','{}','Mozilla/5.0 (Windows NT 10.0; Win64; x64) AppleWebKit/537.36 (KHTML, like Gecko) Chrome/96.0.4664.110 Safari/537.36','127.0.0.1','','2021-12-27 20:06:27'),(225,1,'http://127.0.0.1:9002/','http://127.0.0.1:9002/chart/dashboard','{}','Mozilla/5.0 (Windows NT 10.0; Win64; x64) AppleWebKit/537.36 (KHTML, like Gecko) Chrome/96.0.4664.110 Safari/537.36','127.0.0.1','','2021-12-27 20:06:27'),(226,1,'http://127.0.0.1:9002/','http://127.0.0.1:9002/chart/finance','{}','Mozilla/5.0 (Windows NT 10.0; Win64; x64) AppleWebKit/537.36 (KHTML, like Gecko) Chrome/96.0.4664.110 Safari/537.36','127.0.0.1','','2021-12-27 20:06:27'),(227,1,'http://127.0.0.1:9002/','http://127.0.0.1:9002/account/index','{}','Mozilla/5.0 (Windows NT 10.0; Win64; x64) AppleWebKit/537.36 (KHTML, like Gecko) Chrome/96.0.4664.110 Safari/537.36','127.0.0.1','','2021-12-27 20:06:30'),(228,1,'http://127.0.0.1:9002/','http://127.0.0.1:9002/account/index','{}','Mozilla/5.0 (Windows NT 10.0; Win64; x64) AppleWebKit/537.36 (KHTML, like Gecko) Chrome/96.0.4664.110 Safari/537.36','127.0.0.1','','2021-12-27 20:06:30'),(229,1,'http://127.0.0.1:9002/account/index','http://127.0.0.1:9002/food/index','{}','Mozilla/5.0 (Windows NT 10.0; Win64; x64) AppleWebKit/537.36 (KHTML, like Gecko) Chrome/96.0.4664.110 Safari/537.36','127.0.0.1','','2021-12-27 20:06:32'),(230,1,'http://127.0.0.1:9002/account/index','http://127.0.0.1:9002/food/index','{}','Mozilla/5.0 (Windows NT 10.0; Win64; x64) AppleWebKit/537.36 (KHTML, like Gecko) Chrome/96.0.4664.110 Safari/537.36','127.0.0.1','','2021-12-27 20:06:32'),(231,1,'http://127.0.0.1:9002/food/index','http://127.0.0.1:9002/member/index','{}','Mozilla/5.0 (Windows NT 10.0; Win64; x64) AppleWebKit/537.36 (KHTML, like Gecko) Chrome/96.0.4664.110 Safari/537.36','127.0.0.1','','2021-12-27 20:06:35'),(232,1,'http://127.0.0.1:9002/member/index','http://127.0.0.1:9002/member/info?id=2','{\"id\": \"2\"}','Mozilla/5.0 (Windows NT 10.0; Win64; x64) AppleWebKit/537.36 (KHTML, like Gecko) Chrome/96.0.4664.110 Safari/537.36','127.0.0.1','','2021-12-27 20:06:36'),(233,1,'http://127.0.0.1:9002/member/info?id=2','http://127.0.0.1:9002/','{}','Mozilla/5.0 (Windows NT 10.0; Win64; x64) AppleWebKit/537.36 (KHTML, like Gecko) Chrome/96.0.4664.110 Safari/537.36','127.0.0.1','','2021-12-27 20:06:39'),(234,1,'http://127.0.0.1:9002/','http://127.0.0.1:9002/chart/dashboard','{}','Mozilla/5.0 (Windows NT 10.0; Win64; x64) AppleWebKit/537.36 (KHTML, like Gecko) Chrome/96.0.4664.110 Safari/537.36','127.0.0.1','','2021-12-27 20:06:39'),(235,1,'http://127.0.0.1:9002/','http://127.0.0.1:9002/chart/finance','{}','Mozilla/5.0 (Windows NT 10.0; Win64; x64) AppleWebKit/537.36 (KHTML, like Gecko) Chrome/96.0.4664.110 Safari/537.36','127.0.0.1','','2021-12-27 20:06:39'),(236,1,'http://127.0.0.1:9002/','http://127.0.0.1:9002/account/index','{}','Mozilla/5.0 (Windows NT 10.0; Win64; x64) AppleWebKit/537.36 (KHTML, like Gecko) Chrome/96.0.4664.110 Safari/537.36','127.0.0.1','','2021-12-27 20:06:40'),(237,1,'http://127.0.0.1:9002/account/index','http://127.0.0.1:9002/account/info?id=1','{\"id\": \"1\"}','Mozilla/5.0 (Windows NT 10.0; Win64; x64) AppleWebKit/537.36 (KHTML, like Gecko) Chrome/96.0.4664.110 Safari/537.36','127.0.0.1','','2021-12-27 20:06:42'),(238,1,'http://127.0.0.1:9002/account/info?id=1','http://127.0.0.1:9002/account/set?id=1','{\"id\": \"1\"}','Mozilla/5.0 (Windows NT 10.0; Win64; x64) AppleWebKit/537.36 (KHTML, like Gecko) Chrome/96.0.4664.110 Safari/537.36','127.0.0.1','','2021-12-27 20:06:48'),(239,1,'http://127.0.0.1:9002/account/set?id=1','http://127.0.0.1:9002/','{}','Mozilla/5.0 (Windows NT 10.0; Win64; x64) AppleWebKit/537.36 (KHTML, like Gecko) Chrome/96.0.4664.110 Safari/537.36','127.0.0.1','','2021-12-27 20:06:53'),(240,1,'http://127.0.0.1:9002/account/set?id=1','http://127.0.0.1:9002/','{}','Mozilla/5.0 (Windows NT 10.0; Win64; x64) AppleWebKit/537.36 (KHTML, like Gecko) Chrome/96.0.4664.110 Safari/537.36','127.0.0.1','','2021-12-27 20:06:53'),(241,1,'http://127.0.0.1:9002/','http://127.0.0.1:9002/chart/dashboard','{}','Mozilla/5.0 (Windows NT 10.0; Win64; x64) AppleWebKit/537.36 (KHTML, like Gecko) Chrome/96.0.4664.110 Safari/537.36','127.0.0.1','','2021-12-27 20:06:53'),(242,1,'http://127.0.0.1:9002/','http://127.0.0.1:9002/chart/finance','{}','Mozilla/5.0 (Windows NT 10.0; Win64; x64) AppleWebKit/537.36 (KHTML, like Gecko) Chrome/96.0.4664.110 Safari/537.36','127.0.0.1','','2021-12-27 20:06:53'),(243,0,'','http://127.0.0.1:9002/','{}','Mozilla/5.0 (Windows NT 10.0; Win64; x64) AppleWebKit/537.36 (KHTML, like Gecko) Chrome/96.0.4664.110 Safari/537.36','127.0.0.1','','2022-01-04 11:16:11'),(244,0,'','http://127.0.0.1:9002/','{}','Mozilla/5.0 (Windows NT 10.0; Win64; x64) AppleWebKit/537.36 (KHTML, like Gecko) Chrome/96.0.4664.110 Safari/537.36','127.0.0.1','','2022-01-04 11:16:11'),(245,0,'','http://127.0.0.1:9002/user/login','{}','Mozilla/5.0 (Windows NT 10.0; Win64; x64) AppleWebKit/537.36 (KHTML, like Gecko) Chrome/96.0.4664.110 Safari/537.36','127.0.0.1','','2022-01-04 11:16:11'),(246,0,'http://127.0.0.1:9002/user/login','http://127.0.0.1:9002/user/login','{\"login_name\": \"9527\", \"login_pwd\": \"123456\"}','Mozilla/5.0 (Windows NT 10.0; Win64; x64) AppleWebKit/537.36 (KHTML, like Gecko) Chrome/96.0.4664.110 Safari/537.36','127.0.0.1','','2022-01-04 11:39:39'),(247,1,'http://127.0.0.1:9002/user/login','http://127.0.0.1:9002/user/login','{\"login_name\": \"9527\", \"login_pwd\": \"123456\"}','Mozilla/5.0 (Windows NT 10.0; Win64; x64) AppleWebKit/537.36 (KHTML, like Gecko) Chrome/96.0.4664.110 Safari/537.36','127.0.0.1','','2022-01-04 11:39:48'),(248,1,'http://127.0.0.1:9002/user/login','http://127.0.0.1:9002/','{}','Mozilla/5.0 (Windows NT 10.0; Win64; x64) AppleWebKit/537.36 (KHTML, like Gecko) Chrome/96.0.4664.110 Safari/537.36','127.0.0.1','','2022-01-04 11:39:48'),(249,1,'http://127.0.0.1:9002/','http://127.0.0.1:9002/chart/dashboard','{}','Mozilla/5.0 (Windows NT 10.0; Win64; x64) AppleWebKit/537.36 (KHTML, like Gecko) Chrome/96.0.4664.110 Safari/537.36','127.0.0.1','','2022-01-04 11:39:48'),(250,1,'http://127.0.0.1:9002/','http://127.0.0.1:9002/chart/finance','{}','Mozilla/5.0 (Windows NT 10.0; Win64; x64) AppleWebKit/537.36 (KHTML, like Gecko) Chrome/96.0.4664.110 Safari/537.36','127.0.0.1','','2022-01-04 11:39:48'),(251,1,'http://127.0.0.1:9002/','http://127.0.0.1:9002/account/index','{}','Mozilla/5.0 (Windows NT 10.0; Win64; x64) AppleWebKit/537.36 (KHTML, like Gecko) Chrome/96.0.4664.110 Safari/537.36','127.0.0.1','','2022-01-04 11:39:51'),(252,1,'http://127.0.0.1:9002/','http://127.0.0.1:9002/account/index','{}','Mozilla/5.0 (Windows NT 10.0; Win64; x64) AppleWebKit/537.36 (KHTML, like Gecko) Chrome/96.0.4664.110 Safari/537.36','127.0.0.1','','2022-01-04 11:39:51'),(253,1,'http://127.0.0.1:9002/account/index','http://127.0.0.1:9002/account/info?id=1','{\"id\": \"1\"}','Mozilla/5.0 (Windows NT 10.0; Win64; x64) AppleWebKit/537.36 (KHTML, like Gecko) Chrome/96.0.4664.110 Safari/537.36','127.0.0.1','','2022-01-04 11:40:01'),(254,1,'http://127.0.0.1:9002/account/index','http://127.0.0.1:9002/account/info?id=1','{\"id\": \"1\"}','Mozilla/5.0 (Windows NT 10.0; Win64; x64) AppleWebKit/537.36 (KHTML, like Gecko) Chrome/96.0.4664.110 Safari/537.36','127.0.0.1','','2022-01-04 11:40:01'),(255,1,'http://127.0.0.1:9002/account/info?id=1','http://127.0.0.1:9002/account/set?id=1','{\"id\": \"1\"}','Mozilla/5.0 (Windows NT 10.0; Win64; x64) AppleWebKit/537.36 (KHTML, like Gecko) Chrome/96.0.4664.110 Safari/537.36','127.0.0.1','','2022-01-04 11:40:07'),(256,1,'http://127.0.0.1:9002/account/info?id=1','http://127.0.0.1:9002/account/set?id=1','{\"id\": \"1\"}','Mozilla/5.0 (Windows NT 10.0; Win64; x64) AppleWebKit/537.36 (KHTML, like Gecko) Chrome/96.0.4664.110 Safari/537.36','127.0.0.1','','2022-01-04 11:40:07'),(257,1,'http://127.0.0.1:9002/account/set?id=1','http://127.0.0.1:9002/food/index','{}','Mozilla/5.0 (Windows NT 10.0; Win64; x64) AppleWebKit/537.36 (KHTML, like Gecko) Chrome/96.0.4664.110 Safari/537.36','127.0.0.1','','2022-01-04 11:40:15'),(258,1,'http://127.0.0.1:9002/account/set?id=1','http://127.0.0.1:9002/food/index','{}','Mozilla/5.0 (Windows NT 10.0; Win64; x64) AppleWebKit/537.36 (KHTML, like Gecko) Chrome/96.0.4664.110 Safari/537.36','127.0.0.1','','2022-01-04 11:40:16'),(259,1,'http://127.0.0.1:9002/food/index','http://127.0.0.1:9002/food/info?id=8','{\"id\": \"8\"}','Mozilla/5.0 (Windows NT 10.0; Win64; x64) AppleWebKit/537.36 (KHTML, like Gecko) Chrome/96.0.4664.110 Safari/537.36','127.0.0.1','','2022-01-04 11:40:23'),(260,1,'http://127.0.0.1:9002/food/index','http://127.0.0.1:9002/food/info?id=8','{\"id\": \"8\"}','Mozilla/5.0 (Windows NT 10.0; Win64; x64) AppleWebKit/537.36 (KHTML, like Gecko) Chrome/96.0.4664.110 Safari/537.36','127.0.0.1','','2022-01-04 11:40:24'),(261,1,'http://127.0.0.1:9002/food/info?id=8','http://127.0.0.1:9002/food/cat','{}','Mozilla/5.0 (Windows NT 10.0; Win64; x64) AppleWebKit/537.36 (KHTML, like Gecko) Chrome/96.0.4664.110 Safari/537.36','127.0.0.1','','2022-01-04 11:40:31'),(262,1,'http://127.0.0.1:9002/food/info?id=8','http://127.0.0.1:9002/food/cat','{}','Mozilla/5.0 (Windows NT 10.0; Win64; x64) AppleWebKit/537.36 (KHTML, like Gecko) Chrome/96.0.4664.110 Safari/537.36','127.0.0.1','','2022-01-04 11:40:31'),(263,1,'http://127.0.0.1:9002/food/cat','http://127.0.0.1:9002/food/index','{}','Mozilla/5.0 (Windows NT 10.0; Win64; x64) AppleWebKit/537.36 (KHTML, like Gecko) Chrome/96.0.4664.110 Safari/537.36','127.0.0.1','','2022-01-04 11:40:37'),(264,1,'http://127.0.0.1:9002/food/index','http://127.0.0.1:9002/food/info?id=4','{\"id\": \"4\"}','Mozilla/5.0 (Windows NT 10.0; Win64; x64) AppleWebKit/537.36 (KHTML, like Gecko) Chrome/96.0.4664.110 Safari/537.36','127.0.0.1','','2022-01-04 11:40:43'),(265,1,'http://127.0.0.1:9002/food/index','http://127.0.0.1:9002/food/set','{}','Mozilla/5.0 (Windows NT 10.0; Win64; x64) AppleWebKit/537.36 (KHTML, like Gecko) Chrome/96.0.4664.110 Safari/537.36','127.0.0.1','','2022-01-04 11:40:51'),(266,1,'http://127.0.0.1:9002/food/set','http://127.0.0.1:9002/upload/ueditor?action=config&&noCache=1641267651942','{\"action\": \"config\", \"noCache\": \"1641267651942\"}','Mozilla/5.0 (Windows NT 10.0; Win64; x64) AppleWebKit/537.36 (KHTML, like Gecko) Chrome/96.0.4664.110 Safari/537.36','127.0.0.1','','2022-01-04 11:40:51'),(267,1,'http://127.0.0.1:9002/food/set','http://127.0.0.1:9002/upload/pic','{}','Mozilla/5.0 (Windows NT 10.0; Win64; x64) AppleWebKit/537.36 (KHTML, like Gecko) Chrome/96.0.4664.110 Safari/537.36','127.0.0.1','','2022-01-04 11:41:07'),(268,1,'http://127.0.0.1:9002/food/set','http://127.0.0.1:9002/member/index','{}','Mozilla/5.0 (Windows NT 10.0; Win64; x64) AppleWebKit/537.36 (KHTML, like Gecko) Chrome/96.0.4664.110 Safari/537.36','127.0.0.1','','2022-01-04 11:41:12'),(269,1,'http://127.0.0.1:9002/member/index','http://127.0.0.1:9002/member/info?id=2','{\"id\": \"2\"}','Mozilla/5.0 (Windows NT 10.0; Win64; x64) AppleWebKit/537.36 (KHTML, like Gecko) Chrome/96.0.4664.110 Safari/537.36','127.0.0.1','','2022-01-04 11:41:16'),(270,1,'http://127.0.0.1:9002/member/index','http://127.0.0.1:9002/member/info?id=2','{\"id\": \"2\"}','Mozilla/5.0 (Windows NT 10.0; Win64; x64) AppleWebKit/537.36 (KHTML, like Gecko) Chrome/96.0.4664.110 Safari/537.36','127.0.0.1','','2022-01-04 11:41:17'),(271,1,'http://127.0.0.1:9002/member/index','http://127.0.0.1:9002/member/set?id=2','{\"id\": \"2\"}','Mozilla/5.0 (Windows NT 10.0; Win64; x64) AppleWebKit/537.36 (KHTML, like Gecko) Chrome/96.0.4664.110 Safari/537.36','127.0.0.1','','2022-01-04 11:41:21'),(272,1,'http://127.0.0.1:9002/member/set?id=2','http://127.0.0.1:9002/member/index','{}','Mozilla/5.0 (Windows NT 10.0; Win64; x64) AppleWebKit/537.36 (KHTML, like Gecko) Chrome/96.0.4664.110 Safari/537.36','127.0.0.1','','2022-01-04 11:41:23'),(273,1,'http://127.0.0.1:9002/member/set?id=2','http://127.0.0.1:9002/member/comment','{}','Mozilla/5.0 (Windows NT 10.0; Win64; x64) AppleWebKit/537.36 (KHTML, like Gecko) Chrome/96.0.4664.110 Safari/537.36','127.0.0.1','','2022-01-04 11:41:23'),(274,1,'http://127.0.0.1:9002/member/set?id=2','http://127.0.0.1:9002/finance/index','{}','Mozilla/5.0 (Windows NT 10.0; Win64; x64) AppleWebKit/537.36 (KHTML, like Gecko) Chrome/96.0.4664.110 Safari/537.36','127.0.0.1','','2022-01-04 11:41:25'),(275,1,'http://127.0.0.1:9002/finance/index','http://127.0.0.1:9002/finance/index','{}','Mozilla/5.0 (Windows NT 10.0; Win64; x64) AppleWebKit/537.36 (KHTML, like Gecko) Chrome/96.0.4664.110 Safari/537.36','127.0.0.1','','2022-01-04 11:41:25'),(276,1,'http://127.0.0.1:9002/finance/index','http://127.0.0.1:9002/stat/index','{}','Mozilla/5.0 (Windows NT 10.0; Win64; x64) AppleWebKit/537.36 (KHTML, like Gecko) Chrome/96.0.4664.110 Safari/537.36','127.0.0.1','','2022-01-04 11:41:31'),(277,1,'http://127.0.0.1:9002/stat/index','http://127.0.0.1:9002/chart/finance','{}','Mozilla/5.0 (Windows NT 10.0; Win64; x64) AppleWebKit/537.36 (KHTML, like Gecko) Chrome/96.0.4664.110 Safari/537.36','127.0.0.1','','2022-01-04 11:41:31'),(278,1,'http://127.0.0.1:9002/stat/index','http://127.0.0.1:9002/stat/food','{}','Mozilla/5.0 (Windows NT 10.0; Win64; x64) AppleWebKit/537.36 (KHTML, like Gecko) Chrome/96.0.4664.110 Safari/537.36','127.0.0.1','','2022-01-04 11:41:34'),(279,1,'http://127.0.0.1:9002/stat/index','http://127.0.0.1:9002/stat/food','{}','Mozilla/5.0 (Windows NT 10.0; Win64; x64) AppleWebKit/537.36 (KHTML, like Gecko) Chrome/96.0.4664.110 Safari/537.36','127.0.0.1','','2022-01-04 11:41:34'),(280,1,'http://127.0.0.1:9002/stat/food','http://127.0.0.1:9002/stat/index','{}','Mozilla/5.0 (Windows NT 10.0; Win64; x64) AppleWebKit/537.36 (KHTML, like Gecko) Chrome/96.0.4664.110 Safari/537.36','127.0.0.1','','2022-01-04 11:41:36'),(281,1,'http://127.0.0.1:9002/stat/food','http://127.0.0.1:9002/stat/index','{}','Mozilla/5.0 (Windows NT 10.0; Win64; x64) AppleWebKit/537.36 (KHTML, like Gecko) Chrome/96.0.4664.110 Safari/537.36','127.0.0.1','','2022-01-04 11:41:36'),(282,1,'http://127.0.0.1:9002/stat/index','http://127.0.0.1:9002/chart/finance','{}','Mozilla/5.0 (Windows NT 10.0; Win64; x64) AppleWebKit/537.36 (KHTML, like Gecko) Chrome/96.0.4664.110 Safari/537.36','127.0.0.1','','2022-01-04 11:41:36'),(283,1,'http://127.0.0.1:9002/stat/index','http://127.0.0.1:9002/stat/index?date_from=2021-12-05&date_to=2022-01-04','{\"date_from\": \"2021-12-05\", \"date_to\": \"2022-01-04\"}','Mozilla/5.0 (Windows NT 10.0; Win64; x64) AppleWebKit/537.36 (KHTML, like Gecko) Chrome/96.0.4664.110 Safari/537.36','127.0.0.1','','2022-01-04 11:41:39'),(284,1,'http://127.0.0.1:9002/stat/index','http://127.0.0.1:9002/stat/index?date_from=2021-12-05&date_to=2022-01-04','{\"date_from\": \"2021-12-05\", \"date_to\": \"2022-01-04\"}','Mozilla/5.0 (Windows NT 10.0; Win64; x64) AppleWebKit/537.36 (KHTML, like Gecko) Chrome/96.0.4664.110 Safari/537.36','127.0.0.1','','2022-01-04 11:41:39'),(285,1,'http://127.0.0.1:9002/stat/index?date_from=2021-12-05&date_to=2022-01-04','http://127.0.0.1:9002/chart/finance','{}','Mozilla/5.0 (Windows NT 10.0; Win64; x64) AppleWebKit/537.36 (KHTML, like Gecko) Chrome/96.0.4664.110 Safari/537.36','127.0.0.1','','2022-01-04 11:41:40'),(286,1,'http://127.0.0.1:9002/stat/index?date_from=2021-12-05&date_to=2022-01-04','http://127.0.0.1:9002/stat/share','{}','Mozilla/5.0 (Windows NT 10.0; Win64; x64) AppleWebKit/537.36 (KHTML, like Gecko) Chrome/96.0.4664.110 Safari/537.36','127.0.0.1','','2022-01-04 11:41:42'),(287,1,'http://127.0.0.1:9002/stat/index?date_from=2021-12-05&date_to=2022-01-04','http://127.0.0.1:9002/stat/share','{}','Mozilla/5.0 (Windows NT 10.0; Win64; x64) AppleWebKit/537.36 (KHTML, like Gecko) Chrome/96.0.4664.110 Safari/537.36','127.0.0.1','','2022-01-04 11:41:42'),(288,1,'http://127.0.0.1:9002/stat/share','http://127.0.0.1:9002/chart/share','{}','Mozilla/5.0 (Windows NT 10.0; Win64; x64) AppleWebKit/537.36 (KHTML, like Gecko) Chrome/96.0.4664.110 Safari/537.36','127.0.0.1','','2022-01-04 11:41:42'),(289,1,'http://127.0.0.1:9002/stat/share','http://127.0.0.1:9002/stat/share','{}','Mozilla/5.0 (Windows NT 10.0; Win64; x64) AppleWebKit/537.36 (KHTML, like Gecko) Chrome/96.0.4664.110 Safari/537.36','127.0.0.1','','2022-01-04 11:41:43'),(290,1,'http://127.0.0.1:9002/stat/share','http://127.0.0.1:9002/chart/share','{}','Mozilla/5.0 (Windows NT 10.0; Win64; x64) AppleWebKit/537.36 (KHTML, like Gecko) Chrome/96.0.4664.110 Safari/537.36','127.0.0.1','','2022-01-04 11:41:43'),(291,1,'http://127.0.0.1:9002/stat/share','http://127.0.0.1:9002/stat/share','{}','Mozilla/5.0 (Windows NT 10.0; Win64; x64) AppleWebKit/537.36 (KHTML, like Gecko) Chrome/96.0.4664.110 Safari/537.36','127.0.0.1','','2022-01-04 11:41:44'),(292,1,'http://127.0.0.1:9002/stat/share','http://127.0.0.1:9002/stat/share','{}','Mozilla/5.0 (Windows NT 10.0; Win64; x64) AppleWebKit/537.36 (KHTML, like Gecko) Chrome/96.0.4664.110 Safari/537.36','127.0.0.1','','2022-01-04 11:41:44'),(293,1,'http://127.0.0.1:9002/stat/share','http://127.0.0.1:9002/chart/share','{}','Mozilla/5.0 (Windows NT 10.0; Win64; x64) AppleWebKit/537.36 (KHTML, like Gecko) Chrome/96.0.4664.110 Safari/537.36','127.0.0.1','','2022-01-04 11:41:44'),(294,1,'http://127.0.0.1:9002/stat/share','http://127.0.0.1:9002/stat/member','{}','Mozilla/5.0 (Windows NT 10.0; Win64; x64) AppleWebKit/537.36 (KHTML, like Gecko) Chrome/96.0.4664.110 Safari/537.36','127.0.0.1','','2022-01-04 11:41:46'),(295,1,'http://127.0.0.1:9002/stat/share','http://127.0.0.1:9002/stat/member','{}','Mozilla/5.0 (Windows NT 10.0; Win64; x64) AppleWebKit/537.36 (KHTML, like Gecko) Chrome/96.0.4664.110 Safari/537.36','127.0.0.1','','2022-01-04 11:41:46'),(296,1,'http://127.0.0.1:9002/stat/member','http://127.0.0.1:9002/stat/share','{}','Mozilla/5.0 (Windows NT 10.0; Win64; x64) AppleWebKit/537.36 (KHTML, like Gecko) Chrome/96.0.4664.110 Safari/537.36','127.0.0.1','','2022-01-04 11:41:47'),(297,1,'http://127.0.0.1:9002/stat/member','http://127.0.0.1:9002/stat/share','{}','Mozilla/5.0 (Windows NT 10.0; Win64; x64) AppleWebKit/537.36 (KHTML, like Gecko) Chrome/96.0.4664.110 Safari/537.36','127.0.0.1','','2022-01-04 11:41:47'),(298,1,'http://127.0.0.1:9002/stat/share','http://127.0.0.1:9002/chart/share','{}','Mozilla/5.0 (Windows NT 10.0; Win64; x64) AppleWebKit/537.36 (KHTML, like Gecko) Chrome/96.0.4664.110 Safari/537.36','127.0.0.1','','2022-01-04 11:41:47'),(299,1,'http://127.0.0.1:9002/stat/share','http://127.0.0.1:9002/stat/member','{}','Mozilla/5.0 (Windows NT 10.0; Win64; x64) AppleWebKit/537.36 (KHTML, like Gecko) Chrome/96.0.4664.110 Safari/537.36','127.0.0.1','','2022-01-04 11:41:49'),(300,1,'http://127.0.0.1:9002/stat/share','http://127.0.0.1:9002/stat/member','{}','Mozilla/5.0 (Windows NT 10.0; Win64; x64) AppleWebKit/537.36 (KHTML, like Gecko) Chrome/96.0.4664.110 Safari/537.36','127.0.0.1','','2022-01-04 11:41:49'),(301,1,'http://127.0.0.1:9002/stat/member','http://127.0.0.1:9002/stat/share','{}','Mozilla/5.0 (Windows NT 10.0; Win64; x64) AppleWebKit/537.36 (KHTML, like Gecko) Chrome/96.0.4664.110 Safari/537.36','127.0.0.1','','2022-01-04 11:41:52'),(302,1,'http://127.0.0.1:9002/stat/member','http://127.0.0.1:9002/stat/share','{}','Mozilla/5.0 (Windows NT 10.0; Win64; x64) AppleWebKit/537.36 (KHTML, like Gecko) Chrome/96.0.4664.110 Safari/537.36','127.0.0.1','','2022-01-04 11:41:52'),(303,1,'http://127.0.0.1:9002/stat/share','http://127.0.0.1:9002/chart/share','{}','Mozilla/5.0 (Windows NT 10.0; Win64; x64) AppleWebKit/537.36 (KHTML, like Gecko) Chrome/96.0.4664.110 Safari/537.36','127.0.0.1','','2022-01-04 11:41:52'),(304,1,'http://127.0.0.1:9002/stat/share','http://127.0.0.1:9002/stat/share?date_from=2021-12-05&date_to=2022-01-04','{\"date_from\": \"2021-12-05\", \"date_to\": \"2022-01-04\"}','Mozilla/5.0 (Windows NT 10.0; Win64; x64) AppleWebKit/537.36 (KHTML, like Gecko) Chrome/96.0.4664.110 Safari/537.36','127.0.0.1','','2022-01-04 11:41:55'),(305,1,'http://127.0.0.1:9002/stat/share','http://127.0.0.1:9002/stat/share?date_from=2021-12-05&date_to=2022-01-04','{\"date_from\": \"2021-12-05\", \"date_to\": \"2022-01-04\"}','Mozilla/5.0 (Windows NT 10.0; Win64; x64) AppleWebKit/537.36 (KHTML, like Gecko) Chrome/96.0.4664.110 Safari/537.36','127.0.0.1','','2022-01-04 11:41:55'),(306,1,'http://127.0.0.1:9002/stat/share?date_from=2021-12-05&date_to=2022-01-04','http://127.0.0.1:9002/chart/share','{}','Mozilla/5.0 (Windows NT 10.0; Win64; x64) AppleWebKit/537.36 (KHTML, like Gecko) Chrome/96.0.4664.110 Safari/537.36','127.0.0.1','','2022-01-04 11:41:55'),(307,1,'http://127.0.0.1:9002/stat/share','http://127.0.0.1:9002/','{}','Mozilla/5.0 (Windows NT 10.0; Win64; x64) AppleWebKit/537.36 (KHTML, like Gecko) Chrome/96.0.4664.110 Safari/537.36','127.0.0.1','','2022-01-04 11:42:42'),(308,1,'http://127.0.0.1:9002/stat/share','http://127.0.0.1:9002/','{}','Mozilla/5.0 (Windows NT 10.0; Win64; x64) AppleWebKit/537.36 (KHTML, like Gecko) Chrome/96.0.4664.110 Safari/537.36','127.0.0.1','','2022-01-04 11:42:42'),(309,1,'http://127.0.0.1:9002/','http://127.0.0.1:9002/chart/dashboard','{}','Mozilla/5.0 (Windows NT 10.0; Win64; x64) AppleWebKit/537.36 (KHTML, like Gecko) Chrome/96.0.4664.110 Safari/537.36','127.0.0.1','','2022-01-04 11:42:42'),(310,1,'http://127.0.0.1:9002/','http://127.0.0.1:9002/chart/finance','{}','Mozilla/5.0 (Windows NT 10.0; Win64; x64) AppleWebKit/537.36 (KHTML, like Gecko) Chrome/96.0.4664.110 Safari/537.36','127.0.0.1','','2022-01-04 11:42:42'),(311,1,'','http://127.0.0.1:9002/user/login','{}','Mozilla/5.0 (Windows NT 10.0; Win64; x64) AppleWebKit/537.36 (KHTML, like Gecko) Chrome/96.0.4664.110 Safari/537.36','127.0.0.1','','2022-01-04 12:56:37'),(312,1,'','http://127.0.0.1:9002/user/login','{}','Mozilla/5.0 (Windows NT 10.0; Win64; x64) AppleWebKit/537.36 (KHTML, like Gecko) Chrome/96.0.4664.110 Safari/537.36','127.0.0.1','','2022-01-04 12:56:37'),(313,1,'','http://127.0.0.1:9002/user/login','{}','Mozilla/5.0 (Windows NT 10.0; Win64; x64) AppleWebKit/537.36 (KHTML, like Gecko) Chrome/96.0.4664.110 Safari/537.36','127.0.0.1','','2022-01-04 12:58:48'),(314,1,'','http://127.0.0.1:9002/user/login','{}','Mozilla/5.0 (Windows NT 10.0; Win64; x64) AppleWebKit/537.36 (KHTML, like Gecko) Chrome/96.0.4664.110 Safari/537.36','127.0.0.1','','2022-01-04 12:58:48'),(315,1,'','http://127.0.0.1:9002/user/login','{}','Mozilla/5.0 (Windows NT 10.0; Win64; x64) AppleWebKit/537.36 (KHTML, like Gecko) Chrome/96.0.4664.110 Safari/537.36','127.0.0.1','','2022-01-04 12:58:49');

/*Table structure for table `app_error_log` */

DROP TABLE IF EXISTS `app_error_log`;

CREATE TABLE `app_error_log` (
  `id` int(11) unsigned NOT NULL AUTO_INCREMENT,
  `referer_url` varchar(255) NOT NULL DEFAULT '' COMMENT '当前访问的refer',
  `target_url` varchar(255) NOT NULL DEFAULT '' COMMENT '访问的url',
  `query_params` text NOT NULL COMMENT 'get和post参数',
  `content` longtext NOT NULL COMMENT '日志内容',
  `created_time` timestamp NOT NULL DEFAULT CURRENT_TIMESTAMP COMMENT '插入时间',
  PRIMARY KEY (`id`)
) ENGINE=InnoDB AUTO_INCREMENT=6 DEFAULT CHARSET=utf8mb4 COMMENT='app错误日表';

/*Data for the table `app_error_log` */

insert  into `app_error_log`(`id`,`referer_url`,`target_url`,`query_params`,`content`,`created_time`) values (1,'','http://127.0.0.1:9002/account/info1','{}','404 Not Found: The requested URL was not found on the server. If you entered the URL manually please check your spelling and try again.','2020-05-05 11:50:44'),(2,'','http://127.0.0.1:9002/api/callback2?id=2','{\"id\": \"2\"}','404 Not Found: The requested URL was not found on the server. If you entered the URL manually please check your spelling and try again.','2020-05-15 15:31:23'),(3,'','http://127.0.0.1:9002/api/callback2?id=2','{\"id\": \"2\"}','404 Not Found: The requested URL was not found on the server. If you entered the URL manually please check your spelling and try again.','2020-05-15 15:31:29'),(4,'','http://127.0.0.1:9002/api/callback2/id%3D2','{}','404 Not Found: The requested URL was not found on the server. If you entered the URL manually please check your spelling and try again.','2020-05-15 15:31:55'),(5,'','http://127.0.0.1:9002/api/callback2?id=2','{\"id\": \"2\"}','404 Not Found: The requested URL was not found on the server. If you entered the URL manually please check your spelling and try again.','2020-05-15 15:32:02');

/*Table structure for table `food` */

DROP TABLE IF EXISTS `food`;

CREATE TABLE `food` (
  `id` int(11) unsigned NOT NULL AUTO_INCREMENT,
  `cat_id` int(11) NOT NULL DEFAULT '0' COMMENT '分类id',
  `name` varchar(100) NOT NULL DEFAULT '' COMMENT '书籍名称',
  `price` decimal(10,2) NOT NULL DEFAULT '0.00' COMMENT '售卖金额',
  `main_image` varchar(100) NOT NULL DEFAULT '' COMMENT '主图',
  `summary` varchar(10000) NOT NULL DEFAULT '' COMMENT '描述',
  `stock` int(11) NOT NULL DEFAULT '0' COMMENT '库存量',
  `tags` varchar(200) NOT NULL DEFAULT '' COMMENT 'tag关键字，以","连接',
  `status` tinyint(1) NOT NULL DEFAULT '1' COMMENT '状态 1：有效 0：无效',
  `month_count` int(11) NOT NULL DEFAULT '0' COMMENT '月销售数量',
  `total_count` int(11) NOT NULL DEFAULT '0' COMMENT '总销售量',
  `view_count` int(11) NOT NULL DEFAULT '0' COMMENT '总浏览次数',
  `comment_count` int(11) NOT NULL DEFAULT '0' COMMENT '总评论量',
  `updated_time` timestamp NOT NULL DEFAULT CURRENT_TIMESTAMP COMMENT '最后更新时间',
  `created_time` timestamp NOT NULL DEFAULT CURRENT_TIMESTAMP COMMENT '最后插入时间',
  PRIMARY KEY (`id`)
) ENGINE=InnoDB AUTO_INCREMENT=9 DEFAULT CHARSET=utf8mb4 COMMENT='食品表';

/*Data for the table `food` */

insert  into `food`(`id`,`cat_id`,`name`,`price`,`main_image`,`summary`,`stock`,`tags`,`status`,`month_count`,`total_count`,`view_count`,`comment_count`,`updated_time`,`created_time`) values (1,2,'鱼香肉丝','10.00','20200505/7d6b640108b047a1997616ebebdbc916.jpg','<p>鱼香肉丝是川菜中的一道名品，主要是用鲫鱼腌制的泡辣椒炒制猪里脊肉丝而成，以此将肉丝炒出鱼香味，故而叫鱼香肉丝。</p>',50,'辣,酸,甜',1,0,0,0,0,'2020-05-05 08:46:34','2020-05-05 08:46:34'),(2,2,'水煮肉片','15.00','20200505/68c608acf57a42d19d6b9814e454bf1a.jpg','<p>水煮肉片是一道地方新创名菜，起源于自贡，发扬于西南，属于川菜中著名的家常菜。因肉片未经划油，以水煮熟故名水煮肉片。</p>',50,'麻辣,鲜香',1,0,0,0,0,'2020-05-05 08:48:37','2020-05-05 08:48:37'),(3,1,'农家小炒肉','10.00','20200505/19c25a1b46054ad2828b02f31ddebb6c.jpg','<p>小炒肉是湖南省一道常见的特色传统名菜，属于湘菜系。麻辣鲜香，口味滑嫩。制作原料主要是五花肉和青椒、红椒等。</p>',97,'咸,辣',1,0,0,0,0,'2020-05-15 15:36:45','2020-05-05 08:50:37'),(4,1,'剁椒鱼头','20.00','20200505/9fb52ddd5b4746038394fe743fce5cce.jpg','<p>剁椒鱼头是湖南省的传统名菜，属于湘菜系。通常以鳙鱼鱼头、剁椒为主料，配以豉油、姜、葱、蒜等辅料蒸制而成。菜品色泽红亮、味浓、肉质细嫩。肥而不腻、口感软糯、鲜辣适口。</p>',30,'咸鲜,微辣',1,0,0,0,0,'2020-05-05 08:53:03','2020-05-05 08:53:03'),(5,3,'白切鸡','10.00','20200505/4bb33aca1e4d4935ac03fda7ee2ab409.jpg','<p>白切鸡又叫白斩鸡，是中国八大菜之一粤菜系鸡肴中的一种，始于清代的民间酒店。</p><p>白切鸡通常选用细骨农家鸡与沙姜、蒜茸等食材，慢火煮浸后，晾干切块。</p><p>成菜后，色洁白带油黄，皮爽肉滑骨香，清淡鲜美。</p><p><br/></p>',40,'清淡,鲜美',1,0,0,0,0,'2020-05-05 08:55:40','2020-05-05 08:55:40'),(6,3,'木瓜炖雪蛤','20.00','20200505/433d50e061f54c469083ade89205f2b1.jpg','<p>木瓜炖雪蛤是一道美味可口的传统名点，属于粤菜系。以木瓜和雪蛤为主要食材，属粤式甜品，润肤养颜，营养价值丰富。主要材料有木瓜、雪蛤油、鲜奶、水等。</p>',25,'甜',1,0,0,0,0,'2020-05-05 08:57:31','2020-05-05 08:57:31'),(7,4,'飞龙汤','15.00','20200505/fe26d84de2a84c1fa286924fcc1297dc.jpg','<p>飞龙又名榛鸡是黑龙江省的名菜之一，属于龙江菜系，产于兴安岭。飞龙汤是将榛鸡脱毛去掉内脏后，用高汤煮熟即可，汤中不需放任何调料以保持汤原汁原味。飞龙汤肉质鲜美，营养丰富，适合用作滋补汤品。</p>',35,'营养丰富,汤肉质鲜美',1,0,0,0,0,'2020-05-05 08:59:53','2020-05-05 08:59:53'),(8,5,'糖醋鲤鱼','15.00','20200515/620858717a704b5d8bfb950f5036a68a.jpg','<p>店长推荐<br/></p>',50,'酸甜',1,0,0,0,0,'2020-05-15 16:30:26','2020-05-15 16:30:26');

/*Table structure for table `food_cat` */

DROP TABLE IF EXISTS `food_cat`;

CREATE TABLE `food_cat` (
  `id` int(11) unsigned NOT NULL AUTO_INCREMENT,
  `name` varchar(50) NOT NULL DEFAULT '' COMMENT '类别名称',
  `weight` tinyint(4) NOT NULL DEFAULT '1' COMMENT '权重',
  `status` tinyint(1) NOT NULL DEFAULT '1' COMMENT '状态 1：有效 0：无效',
  `updated_time` timestamp NOT NULL DEFAULT CURRENT_TIMESTAMP COMMENT '最后一次更新时间',
  `created_time` timestamp NOT NULL DEFAULT CURRENT_TIMESTAMP COMMENT '插入时间',
  PRIMARY KEY (`id`),
  UNIQUE KEY `idx_name` (`id`)
) ENGINE=InnoDB AUTO_INCREMENT=6 DEFAULT CHARSET=utf8mb4 COMMENT='食品分类';

/*Data for the table `food_cat` */

insert  into `food_cat`(`id`,`name`,`weight`,`status`,`updated_time`,`created_time`) values (1,'湘菜',5,1,'2020-05-05 08:40:15','2020-05-05 08:40:15'),(2,'川菜',10,1,'2020-05-05 08:40:28','2020-05-05 08:40:28'),(3,'粤菜',2,1,'2020-05-05 08:40:43','2020-05-05 08:40:43'),(4,'东北菜',1,1,'2020-05-05 08:40:56','2020-05-05 08:40:56'),(5,'鲁菜',10,1,'2020-05-15 16:28:20','2020-05-15 16:28:20');

/*Table structure for table `food_sale_change_log` */

DROP TABLE IF EXISTS `food_sale_change_log`;

CREATE TABLE `food_sale_change_log` (
  `id` int(11) unsigned NOT NULL AUTO_INCREMENT,
  `food_id` int(11) NOT NULL DEFAULT '0' COMMENT '商品id',
  `quantity` int(11) NOT NULL DEFAULT '0' COMMENT '售卖数量',
  `price` decimal(10,2) NOT NULL DEFAULT '0.00' COMMENT '售卖金额',
  `member_id` int(11) NOT NULL DEFAULT '0' COMMENT '会员id',
  `created_time` timestamp NOT NULL DEFAULT CURRENT_TIMESTAMP COMMENT '售卖时间',
  PRIMARY KEY (`id`),
  KEY `idx_food_id_id` (`food_id`)
) ENGINE=InnoDB AUTO_INCREMENT=409 DEFAULT CHARSET=utf8mb4 COMMENT='商品销售情况';

/*Data for the table `food_sale_change_log` */

insert  into `food_sale_change_log`(`id`,`food_id`,`quantity`,`price`,`member_id`,`created_time`) values (1,3,2,'10.00',1,'2020-05-05 10:59:25'),(2,1,8,'80.00',1,'2020-04-16 15:57:04'),(3,2,1,'15.00',1,'2020-04-16 15:57:04'),(4,3,10,'100.00',1,'2020-04-16 15:57:04'),(5,4,2,'40.00',1,'2020-04-16 15:57:04'),(6,5,7,'70.00',1,'2020-04-16 15:57:04'),(7,6,4,'80.00',1,'2020-04-16 15:57:05'),(8,7,4,'60.00',1,'2020-04-16 15:57:05'),(9,1,3,'30.00',1,'2020-04-17 15:57:06'),(10,2,9,'135.00',1,'2020-04-17 15:57:06'),(11,3,5,'50.00',1,'2020-04-17 15:57:06'),(12,4,7,'140.00',1,'2020-04-17 15:57:06'),(13,5,8,'80.00',1,'2020-04-17 15:57:06'),(14,6,6,'120.00',1,'2020-04-17 15:57:06'),(15,7,8,'120.00',1,'2020-04-17 15:57:06'),(16,1,7,'70.00',1,'2020-04-18 15:57:07'),(17,2,8,'120.00',1,'2020-04-18 15:57:07'),(18,3,5,'50.00',1,'2020-04-18 15:57:07'),(19,4,3,'60.00',1,'2020-04-18 15:57:07'),(20,5,4,'40.00',1,'2020-04-18 15:57:07'),(21,6,3,'60.00',1,'2020-04-18 15:57:07'),(22,7,8,'120.00',1,'2020-04-18 15:57:07'),(23,1,2,'20.00',1,'2020-04-19 15:57:08'),(24,2,5,'75.00',1,'2020-04-19 15:57:09'),(25,3,5,'50.00',1,'2020-04-19 15:57:09'),(26,4,9,'180.00',1,'2020-04-19 15:57:09'),(27,5,8,'80.00',1,'2020-04-19 15:57:09'),(28,6,3,'60.00',1,'2020-04-19 15:57:09'),(29,7,6,'90.00',1,'2020-04-19 15:57:09'),(30,1,10,'100.00',1,'2020-04-20 15:57:09'),(31,2,6,'90.00',1,'2020-04-20 15:57:10'),(32,3,2,'20.00',1,'2020-04-20 15:57:10'),(33,4,9,'180.00',1,'2020-04-20 15:57:10'),(34,5,10,'100.00',1,'2020-04-20 15:57:10'),(35,6,6,'120.00',1,'2020-04-20 15:57:10'),(36,7,7,'105.00',1,'2020-04-20 15:57:10'),(37,1,6,'60.00',1,'2020-04-21 15:57:10'),(38,2,6,'90.00',1,'2020-04-21 15:57:10'),(39,3,5,'50.00',1,'2020-04-21 15:57:11'),(40,4,9,'180.00',1,'2020-04-21 15:57:11'),(41,5,4,'40.00',1,'2020-04-21 15:57:11'),(42,6,5,'100.00',1,'2020-04-21 15:57:11'),(43,7,6,'90.00',1,'2020-04-21 15:57:11'),(44,1,4,'40.00',1,'2020-04-22 15:57:11'),(45,2,1,'15.00',1,'2020-04-22 15:57:11'),(46,3,5,'50.00',1,'2020-04-22 15:57:11'),(47,4,3,'60.00',1,'2020-04-22 15:57:12'),(48,5,5,'50.00',1,'2020-04-22 15:57:12'),(49,6,2,'40.00',1,'2020-04-22 15:57:12'),(50,7,7,'105.00',1,'2020-04-22 15:57:12'),(51,1,8,'80.00',1,'2020-04-23 15:57:12'),(52,2,9,'135.00',1,'2020-04-23 15:57:12'),(53,3,2,'20.00',1,'2020-04-23 15:57:12'),(54,4,3,'60.00',1,'2020-04-23 15:57:12'),(55,5,2,'20.00',1,'2020-04-23 15:57:12'),(56,6,9,'180.00',1,'2020-04-23 15:57:12'),(57,7,10,'150.00',1,'2020-04-23 15:57:12'),(58,1,9,'90.00',1,'2020-04-24 15:57:13'),(59,2,2,'30.00',1,'2020-04-24 15:57:13'),(60,3,4,'40.00',1,'2020-04-24 15:57:13'),(61,4,6,'120.00',1,'2020-04-24 15:57:13'),(62,5,8,'80.00',1,'2020-04-24 15:57:13'),(63,6,6,'120.00',1,'2020-04-24 15:57:13'),(64,7,4,'60.00',1,'2020-04-24 15:57:13'),(65,1,3,'30.00',1,'2020-04-25 15:57:14'),(66,2,1,'15.00',1,'2020-04-25 15:57:14'),(67,3,9,'90.00',1,'2020-04-25 15:57:14'),(68,4,5,'100.00',1,'2020-04-25 15:57:14'),(69,5,3,'30.00',1,'2020-04-25 15:57:14'),(70,6,5,'100.00',1,'2020-04-25 15:57:14'),(71,7,6,'90.00',1,'2020-04-25 15:57:14'),(72,1,2,'20.00',1,'2020-04-26 15:57:16'),(73,2,10,'150.00',1,'2020-04-26 15:57:16'),(74,3,9,'90.00',1,'2020-04-26 15:57:16'),(75,4,7,'140.00',1,'2020-04-26 15:57:16'),(76,5,9,'90.00',1,'2020-04-26 15:57:16'),(77,6,2,'40.00',1,'2020-04-26 15:57:17'),(78,7,7,'105.00',1,'2020-04-26 15:57:17'),(79,1,6,'60.00',1,'2020-04-27 15:57:18'),(80,2,2,'30.00',1,'2020-04-27 15:57:18'),(81,3,6,'60.00',1,'2020-04-27 15:57:18'),(82,4,10,'200.00',1,'2020-04-27 15:57:18'),(83,5,6,'60.00',1,'2020-04-27 15:57:18'),(84,6,5,'100.00',1,'2020-04-27 15:57:19'),(85,7,1,'15.00',1,'2020-04-27 15:57:19'),(86,1,10,'100.00',1,'2020-04-28 15:57:21'),(87,2,1,'15.00',1,'2020-04-28 15:57:21'),(88,3,2,'20.00',1,'2020-04-28 15:57:21'),(89,4,5,'100.00',1,'2020-04-28 15:57:21'),(90,5,7,'70.00',1,'2020-04-28 15:57:21'),(91,6,6,'120.00',1,'2020-04-28 15:57:22'),(92,7,5,'75.00',1,'2020-04-28 15:57:22'),(93,1,5,'50.00',1,'2020-04-29 15:57:23'),(94,2,1,'15.00',1,'2020-04-29 15:57:23'),(95,3,8,'80.00',1,'2020-04-29 15:57:23'),(96,4,8,'160.00',1,'2020-04-29 15:57:23'),(97,5,9,'90.00',1,'2020-04-29 15:57:23'),(98,6,6,'120.00',1,'2020-04-29 15:57:23'),(99,7,1,'15.00',1,'2020-04-29 15:57:24'),(100,1,2,'20.00',1,'2020-04-30 15:57:25'),(101,2,7,'105.00',1,'2020-04-30 15:57:25'),(102,3,8,'80.00',1,'2020-04-30 15:57:25'),(103,4,2,'40.00',1,'2020-04-30 15:57:25'),(104,5,3,'30.00',1,'2020-04-30 15:57:25'),(105,6,9,'180.00',1,'2020-04-30 15:57:25'),(106,7,6,'90.00',1,'2020-04-30 15:57:25'),(107,1,4,'40.00',1,'2020-05-01 15:57:26'),(108,2,3,'45.00',1,'2020-05-01 15:57:26'),(109,3,7,'70.00',1,'2020-05-01 15:57:26'),(110,4,5,'100.00',1,'2020-05-01 15:57:26'),(111,5,4,'40.00',1,'2020-05-01 15:57:26'),(112,6,10,'200.00',1,'2020-05-01 15:57:27'),(113,7,6,'90.00',1,'2020-05-01 15:57:27'),(114,1,2,'20.00',1,'2020-05-02 15:57:27'),(115,2,9,'135.00',1,'2020-05-02 15:57:28'),(116,3,10,'100.00',1,'2020-05-02 15:57:28'),(117,4,7,'140.00',1,'2020-05-02 15:57:28'),(118,5,4,'40.00',1,'2020-05-02 15:57:28'),(119,6,5,'100.00',1,'2020-05-02 15:57:28'),(120,7,1,'15.00',1,'2020-05-02 15:57:28'),(121,1,4,'40.00',1,'2020-05-03 15:57:29'),(122,2,2,'30.00',1,'2020-05-03 15:57:29'),(123,3,7,'70.00',1,'2020-05-03 15:57:29'),(124,4,8,'160.00',1,'2020-05-03 15:57:29'),(125,5,4,'40.00',1,'2020-05-03 15:57:29'),(126,6,2,'40.00',1,'2020-05-03 15:57:29'),(127,7,2,'30.00',1,'2020-05-03 15:57:29'),(128,1,4,'40.00',1,'2020-05-04 15:57:30'),(129,2,3,'45.00',1,'2020-05-04 15:57:31'),(130,3,7,'70.00',1,'2020-05-04 15:57:31'),(131,4,2,'40.00',1,'2020-05-04 15:57:31'),(132,5,1,'10.00',1,'2020-05-04 15:57:31'),(133,6,8,'160.00',1,'2020-05-04 15:57:31'),(134,7,2,'30.00',1,'2020-05-04 15:57:31'),(135,1,2,'20.00',1,'2020-05-05 15:57:32'),(136,2,10,'150.00',1,'2020-05-05 15:57:32'),(137,3,2,'20.00',1,'2020-05-05 15:57:32'),(138,4,2,'40.00',1,'2020-05-05 15:57:32'),(139,5,1,'10.00',1,'2020-05-05 15:57:32'),(140,6,3,'60.00',1,'2020-05-05 15:57:32'),(141,7,5,'75.00',1,'2020-05-05 15:57:32'),(142,1,2,'20.00',1,'2020-05-06 15:57:34'),(143,2,8,'120.00',1,'2020-05-06 15:57:34'),(144,3,10,'100.00',1,'2020-05-06 15:57:34'),(145,4,10,'200.00',1,'2020-05-06 15:57:34'),(146,5,8,'80.00',1,'2020-05-06 15:57:34'),(147,6,1,'20.00',1,'2020-05-06 15:57:34'),(148,7,2,'30.00',1,'2020-05-06 15:57:34'),(149,1,8,'80.00',1,'2020-05-07 15:57:35'),(150,2,9,'135.00',1,'2020-05-07 15:57:35'),(151,3,8,'80.00',1,'2020-05-07 15:57:35'),(152,4,8,'160.00',1,'2020-05-07 15:57:35'),(153,5,2,'20.00',1,'2020-05-07 15:57:35'),(154,6,1,'20.00',1,'2020-05-07 15:57:35'),(155,7,9,'135.00',1,'2020-05-07 15:57:35'),(156,1,4,'40.00',1,'2020-05-08 15:57:36'),(157,2,7,'105.00',1,'2020-05-08 15:57:36'),(158,3,1,'10.00',1,'2020-05-08 15:57:36'),(159,4,7,'140.00',1,'2020-05-08 15:57:36'),(160,5,5,'50.00',1,'2020-05-08 15:57:36'),(161,6,2,'40.00',1,'2020-05-08 15:57:36'),(162,7,6,'90.00',1,'2020-05-08 15:57:36'),(163,1,10,'100.00',1,'2020-05-09 15:57:38'),(164,2,8,'120.00',1,'2020-05-09 15:57:38'),(165,3,3,'30.00',1,'2020-05-09 15:57:38'),(166,4,10,'200.00',1,'2020-05-09 15:57:38'),(167,5,7,'70.00',1,'2020-05-09 15:57:38'),(168,6,5,'100.00',1,'2020-05-09 15:57:38'),(169,7,3,'45.00',1,'2020-05-09 15:57:38'),(170,1,3,'30.00',1,'2020-05-10 15:57:39'),(171,2,7,'105.00',1,'2020-05-10 15:57:39'),(172,3,7,'70.00',1,'2020-05-10 15:57:39'),(173,4,7,'140.00',1,'2020-05-10 15:57:39'),(174,5,7,'70.00',1,'2020-05-10 15:57:39'),(175,6,2,'40.00',1,'2020-05-10 15:57:40'),(176,7,6,'90.00',1,'2020-05-10 15:57:40'),(177,1,10,'100.00',1,'2020-05-11 15:57:40'),(178,2,7,'105.00',1,'2020-05-11 15:57:40'),(179,3,5,'50.00',1,'2020-05-11 15:57:41'),(180,4,9,'180.00',1,'2020-05-11 15:57:41'),(181,5,2,'20.00',1,'2020-05-11 15:57:41'),(182,6,5,'100.00',1,'2020-05-11 15:57:41'),(183,7,4,'60.00',1,'2020-05-11 15:57:41'),(184,1,5,'50.00',1,'2020-05-12 15:57:42'),(185,2,8,'120.00',1,'2020-05-12 15:57:42'),(186,3,9,'90.00',1,'2020-05-12 15:57:42'),(187,4,9,'180.00',1,'2020-05-12 15:57:42'),(188,5,9,'90.00',1,'2020-05-12 15:57:43'),(189,6,1,'20.00',1,'2020-05-12 15:57:43'),(190,7,5,'75.00',1,'2020-05-12 15:57:43'),(191,1,2,'20.00',1,'2020-05-13 15:57:44'),(192,2,6,'90.00',1,'2020-05-13 15:57:44'),(193,3,3,'30.00',1,'2020-05-13 15:57:44'),(194,4,3,'60.00',1,'2020-05-13 15:57:44'),(195,5,6,'60.00',1,'2020-05-13 15:57:44'),(196,6,1,'20.00',1,'2020-05-13 15:57:44'),(197,7,10,'150.00',1,'2020-05-13 15:57:44'),(198,1,2,'20.00',1,'2020-05-14 15:57:45'),(199,2,10,'150.00',1,'2020-05-14 15:57:45'),(200,3,10,'100.00',1,'2020-05-14 15:57:45'),(201,4,2,'40.00',1,'2020-05-14 15:57:45'),(202,5,4,'40.00',1,'2020-05-14 15:57:45'),(203,6,6,'120.00',1,'2020-05-14 15:57:45'),(204,7,5,'75.00',1,'2020-05-14 15:57:45'),(205,1,6,'60.00',1,'2020-04-16 16:00:05'),(206,2,6,'90.00',1,'2020-04-16 16:00:05'),(207,3,3,'30.00',1,'2020-04-16 16:00:05'),(208,4,6,'120.00',1,'2020-04-16 16:00:05'),(209,5,7,'70.00',1,'2020-04-16 16:00:05'),(210,6,9,'180.00',1,'2020-04-16 16:00:05'),(211,7,1,'15.00',1,'2020-04-16 16:00:05'),(212,1,2,'20.00',1,'2020-04-17 16:00:07'),(213,2,7,'105.00',1,'2020-04-17 16:00:07'),(214,3,10,'100.00',1,'2020-04-17 16:00:07'),(215,4,1,'20.00',1,'2020-04-17 16:00:07'),(216,5,10,'100.00',1,'2020-04-17 16:00:07'),(217,6,6,'120.00',1,'2020-04-17 16:00:07'),(218,7,4,'60.00',1,'2020-04-17 16:00:07'),(219,1,1,'10.00',1,'2020-04-18 16:00:09'),(220,2,5,'75.00',1,'2020-04-18 16:00:09'),(221,3,7,'70.00',1,'2020-04-18 16:00:09'),(222,4,8,'160.00',1,'2020-04-18 16:00:09'),(223,5,7,'70.00',1,'2020-04-18 16:00:09'),(224,6,7,'140.00',1,'2020-04-18 16:00:09'),(225,7,8,'120.00',1,'2020-04-18 16:00:09'),(226,1,3,'30.00',1,'2020-04-19 16:00:11'),(227,2,7,'105.00',1,'2020-04-19 16:00:12'),(228,3,5,'50.00',1,'2020-04-19 16:00:12'),(229,4,8,'160.00',1,'2020-04-19 16:00:12'),(230,5,8,'80.00',1,'2020-04-19 16:00:12'),(231,6,2,'40.00',1,'2020-04-19 16:00:12'),(232,7,8,'120.00',1,'2020-04-19 16:00:12'),(233,1,2,'20.00',1,'2020-04-20 16:00:13'),(234,2,8,'120.00',1,'2020-04-20 16:00:13'),(235,3,4,'40.00',1,'2020-04-20 16:00:13'),(236,4,2,'40.00',1,'2020-04-20 16:00:14'),(237,5,4,'40.00',1,'2020-04-20 16:00:14'),(238,6,5,'100.00',1,'2020-04-20 16:00:14'),(239,7,10,'150.00',1,'2020-04-20 16:00:14'),(240,1,4,'40.00',1,'2020-04-21 16:00:16'),(241,2,3,'45.00',1,'2020-04-21 16:00:17'),(242,3,4,'40.00',1,'2020-04-21 16:00:17'),(243,4,5,'100.00',1,'2020-04-21 16:00:17'),(244,5,1,'10.00',1,'2020-04-21 16:00:17'),(245,6,4,'80.00',1,'2020-04-21 16:00:18'),(246,7,2,'30.00',1,'2020-04-21 16:00:18'),(247,1,3,'30.00',1,'2020-04-22 16:00:22'),(248,2,9,'135.00',1,'2020-04-22 16:00:22'),(249,3,1,'10.00',1,'2020-04-22 16:00:23'),(250,4,4,'80.00',1,'2020-04-22 16:00:23'),(251,5,3,'30.00',1,'2020-04-22 16:00:23'),(252,6,5,'100.00',1,'2020-04-22 16:00:23'),(253,7,3,'45.00',1,'2020-04-22 16:00:23'),(254,1,2,'20.00',1,'2020-04-23 16:00:24'),(255,2,3,'45.00',1,'2020-04-23 16:00:24'),(256,3,2,'20.00',1,'2020-04-23 16:00:24'),(257,4,4,'80.00',1,'2020-04-23 16:00:24'),(258,5,3,'30.00',1,'2020-04-23 16:00:24'),(259,6,9,'180.00',1,'2020-04-23 16:00:24'),(260,7,2,'30.00',1,'2020-04-23 16:00:24'),(261,1,5,'50.00',1,'2020-04-24 16:00:25'),(262,2,5,'75.00',1,'2020-04-24 16:00:25'),(263,3,8,'80.00',1,'2020-04-24 16:00:25'),(264,4,7,'140.00',1,'2020-04-24 16:00:25'),(265,5,5,'50.00',1,'2020-04-24 16:00:25'),(266,6,8,'160.00',1,'2020-04-24 16:00:25'),(267,7,4,'60.00',1,'2020-04-24 16:00:25'),(268,1,5,'50.00',1,'2020-04-25 16:00:27'),(269,2,9,'135.00',1,'2020-04-25 16:00:27'),(270,3,9,'90.00',1,'2020-04-25 16:00:27'),(271,4,2,'40.00',1,'2020-04-25 16:00:27'),(272,5,6,'60.00',1,'2020-04-25 16:00:27'),(273,6,1,'20.00',1,'2020-04-25 16:00:27'),(274,7,7,'105.00',1,'2020-04-25 16:00:27'),(275,1,5,'50.00',1,'2020-04-26 16:00:29'),(276,2,3,'45.00',1,'2020-04-26 16:00:29'),(277,3,10,'100.00',1,'2020-04-26 16:00:29'),(278,4,1,'20.00',1,'2020-04-26 16:00:29'),(279,5,9,'90.00',1,'2020-04-26 16:00:29'),(280,6,5,'100.00',1,'2020-04-26 16:00:29'),(281,7,10,'150.00',1,'2020-04-26 16:00:29'),(282,1,8,'80.00',1,'2020-04-27 16:00:30'),(283,2,10,'150.00',1,'2020-04-27 16:00:30'),(284,3,8,'80.00',1,'2020-04-27 16:00:30'),(285,4,8,'160.00',1,'2020-04-27 16:00:31'),(286,5,1,'10.00',1,'2020-04-27 16:00:31'),(287,6,1,'20.00',1,'2020-04-27 16:00:31'),(288,7,8,'120.00',1,'2020-04-27 16:00:31'),(289,1,1,'10.00',1,'2020-04-28 16:00:32'),(290,2,6,'90.00',1,'2020-04-28 16:00:32'),(291,3,2,'20.00',1,'2020-04-28 16:00:33'),(292,4,6,'120.00',1,'2020-04-28 16:00:33'),(293,5,8,'80.00',1,'2020-04-28 16:00:33'),(294,6,3,'60.00',1,'2020-04-28 16:00:33'),(295,7,3,'45.00',1,'2020-04-28 16:00:33'),(296,1,3,'30.00',1,'2020-04-29 16:00:34'),(297,2,5,'75.00',1,'2020-04-29 16:00:34'),(298,3,6,'60.00',1,'2020-04-29 16:00:34'),(299,4,4,'80.00',1,'2020-04-29 16:00:34'),(300,5,1,'10.00',1,'2020-04-29 16:00:34'),(301,6,2,'40.00',1,'2020-04-29 16:00:34'),(302,7,3,'45.00',1,'2020-04-29 16:00:34'),(303,1,1,'10.00',1,'2020-04-30 16:00:36'),(304,2,9,'135.00',1,'2020-04-30 16:00:36'),(305,3,6,'60.00',1,'2020-04-30 16:00:36'),(306,4,2,'40.00',1,'2020-04-30 16:00:36'),(307,5,7,'70.00',1,'2020-04-30 16:00:36'),(308,6,5,'100.00',1,'2020-04-30 16:00:36'),(309,7,4,'60.00',1,'2020-04-30 16:00:36'),(310,1,1,'10.00',1,'2020-05-01 16:00:38'),(311,2,8,'120.00',1,'2020-05-01 16:00:38'),(312,3,9,'90.00',1,'2020-05-01 16:00:38'),(313,4,10,'200.00',1,'2020-05-01 16:00:38'),(314,5,1,'10.00',1,'2020-05-01 16:00:38'),(315,6,10,'200.00',1,'2020-05-01 16:00:38'),(316,7,7,'105.00',1,'2020-05-01 16:00:38'),(317,1,8,'80.00',1,'2020-05-02 16:00:39'),(318,2,2,'30.00',1,'2020-05-02 16:00:40'),(319,3,10,'100.00',1,'2020-05-02 16:00:40'),(320,4,3,'60.00',1,'2020-05-02 16:00:40'),(321,5,8,'80.00',1,'2020-05-02 16:00:40'),(322,6,6,'120.00',1,'2020-05-02 16:00:40'),(323,7,10,'150.00',1,'2020-05-02 16:00:40'),(324,1,6,'60.00',1,'2020-05-03 16:00:41'),(325,2,3,'45.00',1,'2020-05-03 16:00:41'),(326,3,6,'60.00',1,'2020-05-03 16:00:41'),(327,4,3,'60.00',1,'2020-05-03 16:00:41'),(328,5,2,'20.00',1,'2020-05-03 16:00:41'),(329,6,4,'80.00',1,'2020-05-03 16:00:42'),(330,7,4,'60.00',1,'2020-05-03 16:00:42'),(331,1,5,'50.00',1,'2020-05-04 16:00:43'),(332,2,7,'105.00',1,'2020-05-04 16:00:43'),(333,3,9,'90.00',1,'2020-05-04 16:00:43'),(334,4,3,'60.00',1,'2020-05-04 16:00:43'),(335,5,7,'70.00',1,'2020-05-04 16:00:43'),(336,6,1,'20.00',1,'2020-05-04 16:00:43'),(337,7,2,'30.00',1,'2020-05-04 16:00:43'),(338,1,3,'30.00',1,'2020-05-05 16:00:46'),(339,2,2,'30.00',1,'2020-05-05 16:00:46'),(340,3,3,'30.00',1,'2020-05-05 16:00:46'),(341,4,7,'140.00',1,'2020-05-05 16:00:46'),(342,5,3,'30.00',1,'2020-05-05 16:00:46'),(343,6,2,'40.00',1,'2020-05-05 16:00:46'),(344,7,7,'105.00',1,'2020-05-05 16:00:46'),(345,1,6,'60.00',1,'2020-05-06 16:00:47'),(346,2,8,'120.00',1,'2020-05-06 16:00:48'),(347,3,6,'60.00',1,'2020-05-06 16:00:48'),(348,4,5,'100.00',1,'2020-05-06 16:00:48'),(349,5,6,'60.00',1,'2020-05-06 16:00:48'),(350,6,7,'140.00',1,'2020-05-06 16:00:48'),(351,7,6,'90.00',1,'2020-05-06 16:00:48'),(352,1,6,'60.00',1,'2020-05-07 16:00:50'),(353,2,9,'135.00',1,'2020-05-07 16:00:50'),(354,3,5,'50.00',1,'2020-05-07 16:00:50'),(355,4,6,'120.00',1,'2020-05-07 16:00:50'),(356,5,3,'30.00',1,'2020-05-07 16:00:50'),(357,6,9,'180.00',1,'2020-05-07 16:00:50'),(358,7,5,'75.00',1,'2020-05-07 16:00:50'),(359,1,7,'70.00',1,'2020-05-08 16:00:51'),(360,2,10,'150.00',1,'2020-05-08 16:00:51'),(361,3,10,'100.00',1,'2020-05-08 16:00:51'),(362,4,9,'180.00',1,'2020-05-08 16:00:51'),(363,5,3,'30.00',1,'2020-05-08 16:00:51'),(364,6,8,'160.00',1,'2020-05-08 16:00:51'),(365,7,9,'135.00',1,'2020-05-08 16:00:51'),(366,1,5,'50.00',1,'2020-05-09 16:00:53'),(367,2,2,'30.00',1,'2020-05-09 16:00:53'),(368,3,3,'30.00',1,'2020-05-09 16:00:53'),(369,4,3,'60.00',1,'2020-05-09 16:00:53'),(370,5,1,'10.00',1,'2020-05-09 16:00:53'),(371,6,6,'120.00',1,'2020-05-09 16:00:53'),(372,7,3,'45.00',1,'2020-05-09 16:00:53'),(373,1,8,'80.00',1,'2020-05-10 16:00:55'),(374,2,8,'120.00',1,'2020-05-10 16:00:56'),(375,3,2,'20.00',1,'2020-05-10 16:00:56'),(376,4,10,'200.00',1,'2020-05-10 16:00:56'),(377,5,8,'80.00',1,'2020-05-10 16:00:56'),(378,6,3,'60.00',1,'2020-05-10 16:00:56'),(379,7,5,'75.00',1,'2020-05-10 16:00:56'),(380,1,3,'30.00',1,'2020-05-11 16:00:58'),(381,2,7,'105.00',1,'2020-05-11 16:00:58'),(382,3,9,'90.00',1,'2020-05-11 16:00:58'),(383,4,6,'120.00',1,'2020-05-11 16:00:58'),(384,5,10,'100.00',1,'2020-05-11 16:00:58'),(385,6,5,'100.00',1,'2020-05-11 16:00:58'),(386,7,8,'120.00',1,'2020-05-11 16:00:58'),(387,1,10,'100.00',1,'2020-05-12 16:00:59'),(388,2,2,'30.00',1,'2020-05-12 16:00:59'),(389,3,9,'90.00',1,'2020-05-12 16:01:00'),(390,4,3,'60.00',1,'2020-05-12 16:01:00'),(391,5,10,'100.00',1,'2020-05-12 16:01:00'),(392,6,7,'140.00',1,'2020-05-12 16:01:00'),(393,7,8,'120.00',1,'2020-05-12 16:01:00'),(394,1,2,'20.00',1,'2020-05-13 16:01:01'),(395,2,1,'15.00',1,'2020-05-13 16:01:01'),(396,3,9,'90.00',1,'2020-05-13 16:01:02'),(397,4,3,'60.00',1,'2020-05-13 16:01:02'),(398,5,5,'50.00',1,'2020-05-13 16:01:02'),(399,6,2,'40.00',1,'2020-05-13 16:01:02'),(400,7,5,'75.00',1,'2020-05-13 16:01:02'),(401,1,8,'80.00',1,'2020-05-14 16:01:03'),(402,2,1,'15.00',1,'2020-05-14 16:01:03'),(403,3,2,'20.00',1,'2020-05-14 16:01:03'),(404,4,4,'80.00',1,'2020-05-14 16:01:03'),(405,5,1,'10.00',1,'2020-05-14 16:01:04'),(406,6,10,'200.00',1,'2020-05-14 16:01:04'),(407,7,4,'60.00',1,'2020-05-14 16:01:04'),(408,3,1,'10.00',2,'2020-05-15 16:19:10');

/*Table structure for table `food_stock_change_log` */

DROP TABLE IF EXISTS `food_stock_change_log`;

CREATE TABLE `food_stock_change_log` (
  `id` int(11) unsigned NOT NULL AUTO_INCREMENT,
  `food_id` int(11) NOT NULL COMMENT '商品id',
  `unit` int(11) NOT NULL DEFAULT '0' COMMENT '变更多少',
  `total_stock` int(11) NOT NULL DEFAULT '0' COMMENT '变更之后总量',
  `note` varchar(100) NOT NULL DEFAULT '' COMMENT '备注字段',
  `created_time` datetime NOT NULL DEFAULT CURRENT_TIMESTAMP COMMENT '插入时间',
  PRIMARY KEY (`id`),
  KEY `idx_food_id` (`food_id`)
) ENGINE=InnoDB AUTO_INCREMENT=13 DEFAULT CHARSET=utf8mb4 COMMENT='数据库存变更表';

/*Data for the table `food_stock_change_log` */

insert  into `food_stock_change_log`(`id`,`food_id`,`unit`,`total_stock`,`note`,`created_time`) values (1,1,50,50,'后台修改','2020-05-05 08:46:34'),(2,2,50,50,'后台修改','2020-05-05 08:48:37'),(3,3,100,100,'后台修改','2020-05-05 08:50:37'),(4,4,30,30,'后台修改','2020-05-05 08:53:03'),(5,5,40,40,'后台修改','2020-05-05 08:55:40'),(6,6,25,25,'后台修改','2020-05-05 08:57:31'),(7,7,35,35,'后台修改','2020-05-05 08:59:53'),(8,3,-2,98,'在线购买','2020-05-05 10:26:05'),(9,3,-1,97,'在线购买','2020-05-15 15:29:12'),(10,3,1,98,'订单取消','2020-05-15 15:36:45'),(11,3,-1,97,'在线购买','2020-05-15 16:17:35'),(12,8,50,50,'后台修改','2020-05-15 16:30:26');

/*Table structure for table `images` */

DROP TABLE IF EXISTS `images`;

CREATE TABLE `images` (
  `id` int(11) unsigned NOT NULL AUTO_INCREMENT,
  `file_key` varchar(60) NOT NULL DEFAULT '' COMMENT '文件名',
  `created_time` timestamp NOT NULL DEFAULT CURRENT_TIMESTAMP COMMENT '插入时间',
  PRIMARY KEY (`id`)
) ENGINE=InnoDB AUTO_INCREMENT=10 DEFAULT CHARSET=utf8mb4;

/*Data for the table `images` */

insert  into `images`(`id`,`file_key`,`created_time`) values (1,'20200505/7d6b640108b047a1997616ebebdbc916.jpg','2020-05-05 08:44:32'),(2,'20200505/68c608acf57a42d19d6b9814e454bf1a.jpg','2020-05-05 08:47:57'),(3,'20200505/19c25a1b46054ad2828b02f31ddebb6c.jpg','2020-05-05 08:49:57'),(4,'20200505/9fb52ddd5b4746038394fe743fce5cce.jpg','2020-05-05 08:52:13'),(5,'20200505/4bb33aca1e4d4935ac03fda7ee2ab409.jpg','2020-05-05 08:55:37'),(6,'20200505/433d50e061f54c469083ade89205f2b1.jpg','2020-05-05 08:57:27'),(7,'20200505/fe26d84de2a84c1fa286924fcc1297dc.jpg','2020-05-05 08:59:10'),(8,'20200515/620858717a704b5d8bfb950f5036a68a.jpg','2020-05-15 16:29:29'),(9,'20220104/4bdc048563d6431ab775319d5651f3af.jpg','2022-01-04 11:41:07');

/*Table structure for table `member` */

DROP TABLE IF EXISTS `member`;

CREATE TABLE `member` (
  `id` int(11) unsigned NOT NULL AUTO_INCREMENT,
  `nickname` varchar(100) NOT NULL DEFAULT '' COMMENT '会员名',
  `mobile` varchar(11) NOT NULL DEFAULT '' COMMENT '会员手机号码',
  `sex` tinyint(1) NOT NULL DEFAULT '0' COMMENT '性别 1：男 2：女',
  `avatar` varchar(200) NOT NULL DEFAULT '' COMMENT '会员头像',
  `salt` varchar(32) NOT NULL DEFAULT '' COMMENT '随机salt',
  `reg_ip` varchar(100) NOT NULL DEFAULT '' COMMENT '注册ip',
  `status` tinyint(1) NOT NULL DEFAULT '1' COMMENT '状态 1：有效 0：无效',
  `updated_time` timestamp NOT NULL DEFAULT CURRENT_TIMESTAMP COMMENT '最后一次更新时间',
  `created_time` timestamp NOT NULL DEFAULT CURRENT_TIMESTAMP COMMENT '插入时间',
  PRIMARY KEY (`id`)
) ENGINE=InnoDB AUTO_INCREMENT=3 DEFAULT CHARSET=utf8mb4 COMMENT='会员表';

/*Data for the table `member` */

insert  into `member`(`id`,`nickname`,`mobile`,`sex`,`avatar`,`salt`,`reg_ip`,`status`,`updated_time`,`created_time`) values (2,'yellow','',1,'https://wx.qlogo.cn/mmopen/vi_32/NpRX5UedwXqIrrktp3ZvmWia9iaKR4YibbwibqeUCR0sQFQpXSToPHcyNq9Wpjv9N8XHxNCW3TddcgkQIekLII0zAA/132','qz4JEkzRwnzDOzPx','',1,'2020-05-15 15:22:38','2020-05-15 15:22:38');

/*Table structure for table `member_address` */

DROP TABLE IF EXISTS `member_address`;

CREATE TABLE `member_address` (
  `id` int(11) unsigned NOT NULL AUTO_INCREMENT,
  `member_id` int(11) NOT NULL DEFAULT '0' COMMENT '会员id',
  `nickname` varchar(20) NOT NULL DEFAULT '' COMMENT '收货人姓名',
  `mobile` varchar(11) NOT NULL DEFAULT '' COMMENT '收货人手机号码',
  `province_id` int(11) NOT NULL DEFAULT '0' COMMENT '省id',
  `province_str` varchar(50) NOT NULL DEFAULT '' COMMENT '省名称',
  `city_id` int(11) NOT NULL DEFAULT '0' COMMENT '城市id',
  `city_str` varchar(50) NOT NULL DEFAULT '' COMMENT '市名称',
  `area_id` int(11) NOT NULL DEFAULT '0' COMMENT '区域id',
  `area_str` varchar(50) NOT NULL DEFAULT '' COMMENT '区域名称',
  `address` varchar(100) NOT NULL DEFAULT '' COMMENT '详细地址',
  `status` tinyint(1) NOT NULL DEFAULT '1' COMMENT '是否有效 1：有效 0：无效',
  `is_default` tinyint(1) NOT NULL DEFAULT '0' COMMENT '默认地址',
  `updated_time` timestamp NOT NULL DEFAULT CURRENT_TIMESTAMP COMMENT '最后一次更新时间',
  `created_time` timestamp NOT NULL DEFAULT CURRENT_TIMESTAMP COMMENT '插入时间',
  PRIMARY KEY (`id`),
  KEY `idx_member_id_status` (`member_id`,`status`)
) ENGINE=InnoDB AUTO_INCREMENT=4 DEFAULT CHARSET=utf8mb4 COMMENT='会员收货地址';

/*Data for the table `member_address` */

insert  into `member_address`(`id`,`member_id`,`nickname`,`mobile`,`province_id`,`province_str`,`city_id`,`city_str`,`area_id`,`area_str`,`address`,`status`,`is_default`,`updated_time`,`created_time`) values (2,2,'黄杰','12345678910',430000,'湖南省',430100,'长沙市',430102,'芙蓉区','湖南农业大学',1,1,'2020-05-15 16:25:43','2020-05-15 15:27:56'),(3,2,'123','12345678910',430000,'湖南省',430100,'长沙市',430102,'芙蓉区','湖南农业大学',1,0,'2020-05-15 16:25:36','2020-05-15 16:25:31');

/*Table structure for table `member_cart` */

DROP TABLE IF EXISTS `member_cart`;

CREATE TABLE `member_cart` (
  `id` int(11) unsigned NOT NULL AUTO_INCREMENT,
  `member_id` bigint(20) NOT NULL DEFAULT '0' COMMENT '会员id',
  `food_id` int(11) NOT NULL DEFAULT '0' COMMENT '商品id',
  `quantity` int(11) NOT NULL DEFAULT '0' COMMENT '数量',
  `updated_time` timestamp NOT NULL DEFAULT CURRENT_TIMESTAMP COMMENT '最后一次更新时间',
  `created_time` timestamp NOT NULL DEFAULT CURRENT_TIMESTAMP COMMENT '插入时间',
  PRIMARY KEY (`id`),
  KEY `idx_member_id` (`member_id`)
) ENGINE=InnoDB DEFAULT CHARSET=utf8mb4 COMMENT='购物车';

/*Data for the table `member_cart` */

/*Table structure for table `member_comments` */

DROP TABLE IF EXISTS `member_comments`;

CREATE TABLE `member_comments` (
  `id` int(11) unsigned NOT NULL AUTO_INCREMENT,
  `member_id` int(11) NOT NULL DEFAULT '0' COMMENT '会员id',
  `food_ids` varchar(200) NOT NULL DEFAULT '' COMMENT '商品ids',
  `pay_order_id` int(11) NOT NULL DEFAULT '0' COMMENT '订单id',
  `score` tinyint(4) NOT NULL DEFAULT '0' COMMENT '评分',
  `content` varchar(200) NOT NULL DEFAULT '' COMMENT '评论内容',
  `created_time` timestamp NOT NULL DEFAULT CURRENT_TIMESTAMP ON UPDATE CURRENT_TIMESTAMP COMMENT '插入时间',
  PRIMARY KEY (`id`),
  KEY `idx_member_id` (`member_id`)
) ENGINE=InnoDB AUTO_INCREMENT=3 DEFAULT CHARSET=utf8mb4 COMMENT='会员评论表';

/*Data for the table `member_comments` */

insert  into `member_comments`(`id`,`member_id`,`food_ids`,`pay_order_id`,`score`,`content`,`created_time`) values (1,1,'_3_',1,10,'非常愉快的订餐体验','2020-05-05 11:20:57'),(2,2,'_3_',3,10,'非常愉快的订餐体验','2020-05-15 16:24:07');

/*Table structure for table `oauth_access_token` */

DROP TABLE IF EXISTS `oauth_access_token`;

CREATE TABLE `oauth_access_token` (
  `id` int(11) unsigned NOT NULL AUTO_INCREMENT,
  `access_token` varchar(600) NOT NULL DEFAULT '',
  `expired_time` timestamp NOT NULL DEFAULT CURRENT_TIMESTAMP COMMENT '过期时间',
  `created_time` timestamp NOT NULL DEFAULT CURRENT_TIMESTAMP COMMENT '插入时间',
  PRIMARY KEY (`id`),
  KEY `idx_expired_time` (`expired_time`)
) ENGINE=InnoDB DEFAULT CHARSET=utf8mb4 COMMENT='微信的access_token 用户调用其他接口的';

/*Data for the table `oauth_access_token` */

/*Table structure for table `oauth_member_bind` */

DROP TABLE IF EXISTS `oauth_member_bind`;

CREATE TABLE `oauth_member_bind` (
  `id` int(11) unsigned NOT NULL AUTO_INCREMENT,
  `member_id` int(11) NOT NULL DEFAULT '0' COMMENT '会员id',
  `client_type` varchar(20) NOT NULL DEFAULT '' COMMENT '客户端来源类型。qq,weibo,weixin',
  `type` tinyint(3) NOT NULL DEFAULT '0' COMMENT '类型 type 1:wechat ',
  `openid` varchar(80) NOT NULL DEFAULT '' COMMENT '第三方id',
  `unionid` varchar(100) NOT NULL DEFAULT '',
  `extra` text NOT NULL COMMENT '额外字段',
  `updated_time` timestamp NOT NULL DEFAULT CURRENT_TIMESTAMP COMMENT '最后更新时间',
  `created_time` timestamp NOT NULL DEFAULT CURRENT_TIMESTAMP COMMENT '插入时间',
  PRIMARY KEY (`id`),
  KEY `idx_type_openid` (`type`,`openid`)
) ENGINE=InnoDB AUTO_INCREMENT=3 DEFAULT CHARSET=utf8mb4 COMMENT='第三方登录绑定关系';

/*Data for the table `oauth_member_bind` */

insert  into `oauth_member_bind`(`id`,`member_id`,`client_type`,`type`,`openid`,`unionid`,`extra`,`updated_time`,`created_time`) values (2,2,'',1,'oiOy55UFFfqGcNA0YB0DHKfVmquc','','','2020-05-15 15:22:42','2020-05-15 15:22:42');

/*Table structure for table `pay_order` */

DROP TABLE IF EXISTS `pay_order`;

CREATE TABLE `pay_order` (
  `id` int(11) unsigned NOT NULL AUTO_INCREMENT,
  `order_sn` varchar(40) NOT NULL DEFAULT '' COMMENT '随机订单号',
  `member_id` bigint(11) NOT NULL DEFAULT '0' COMMENT '会员id',
  `total_price` decimal(10,2) NOT NULL DEFAULT '0.00' COMMENT '订单应付金额',
  `yun_price` decimal(10,2) NOT NULL DEFAULT '0.00' COMMENT '运费金额',
  `pay_price` decimal(10,2) NOT NULL DEFAULT '0.00' COMMENT '订单实付金额',
  `pay_sn` varchar(128) NOT NULL DEFAULT '' COMMENT '第三方流水号',
  `prepay_id` varchar(128) NOT NULL DEFAULT '' COMMENT '第三方预付id',
  `note` text NOT NULL COMMENT '备注信息',
  `status` tinyint(4) NOT NULL DEFAULT '0' COMMENT '1：支付完成 0 无效 -1 申请退款 -2 退款中 -9 退款成功  -8 待支付  -7 完成支付待确认',
  `express_status` tinyint(4) NOT NULL DEFAULT '0' COMMENT '快递状态，-8 待支付 -7 已付款待发货 1：确认收货 0：失败',
  `express_address_id` int(11) NOT NULL DEFAULT '0' COMMENT '快递地址id',
  `express_info` varchar(1000) NOT NULL DEFAULT '' COMMENT '快递信息',
  `comment_status` tinyint(1) NOT NULL DEFAULT '0' COMMENT '评论状态',
  `pay_time` timestamp NOT NULL DEFAULT CURRENT_TIMESTAMP COMMENT '付款到账时间',
  `updated_time` timestamp NOT NULL DEFAULT CURRENT_TIMESTAMP COMMENT '最近一次更新时间',
  `created_time` timestamp NOT NULL DEFAULT CURRENT_TIMESTAMP COMMENT '插入时间',
  PRIMARY KEY (`id`),
  UNIQUE KEY `idx_order_sn` (`order_sn`),
  KEY `idx_member_id_status` (`member_id`,`status`)
) ENGINE=InnoDB AUTO_INCREMENT=4 DEFAULT CHARSET=utf8mb4 COMMENT='在线购买订单表';

/*Data for the table `pay_order` */

insert  into `pay_order`(`id`,`order_sn`,`member_id`,`total_price`,`yun_price`,`pay_price`,`pay_sn`,`prepay_id`,`note`,`status`,`express_status`,`express_address_id`,`express_info`,`comment_status`,`pay_time`,`updated_time`,`created_time`) values (1,'aee43d8af9bcfb3f8e40e8610a6b8c86',1,'20.00','0.00','20.00','','','',1,1,1,'{\"mobile\": \"12345678901\", \"nickname\": \"yellow\", \"address\": \"\\u6e56\\u5357\\u7701\\u957f\\u6c99\\u5e02\\u8299\\u84c9\\u533a\\u6e56\\u5357\\u519c\\u4e1a\\u5927\\u5b66\"}',1,'2020-05-05 10:26:04','2020-05-05 11:20:57','2020-05-05 10:26:04'),(2,'523995821d192a5766cee7560e8d767d',2,'10.00','0.00','10.00','','','',0,-8,2,'{\"mobile\": \"12345678910\", \"nickname\": \"\\u9ec4\\u6770\", \"address\": \"\\u6e56\\u5357\\u7701\\u957f\\u6c99\\u5e02\\u8299\\u84c9\\u533a\\u6e56\\u5357\\u519c\\u4e1a\\u5927\\u5b66\"}',0,'2020-05-15 15:29:11','2020-05-15 15:36:46','2020-05-15 15:29:11'),(3,'327965a7f0b2a1dead702cfec8f5e8f2',2,'10.00','0.00','10.00','','','',1,1,2,'{\"mobile\": \"12345678910\", \"nickname\": \"\\u9ec4\\u6770\", \"address\": \"\\u6e56\\u5357\\u7701\\u957f\\u6c99\\u5e02\\u8299\\u84c9\\u533a\\u6e56\\u5357\\u519c\\u4e1a\\u5927\\u5b66\"}',1,'2020-05-15 16:17:33','2020-05-15 16:24:07','2020-05-15 16:17:33');

/*Table structure for table `pay_order_callback_data` */

DROP TABLE IF EXISTS `pay_order_callback_data`;

CREATE TABLE `pay_order_callback_data` (
  `id` int(11) NOT NULL AUTO_INCREMENT,
  `pay_order_id` int(11) NOT NULL DEFAULT '0' COMMENT '支付订单id',
  `pay_data` text NOT NULL COMMENT '支付回调信息',
  `refund_data` text NOT NULL COMMENT '退款回调信息',
  `updated_time` timestamp NOT NULL DEFAULT CURRENT_TIMESTAMP COMMENT '最后一次更新时间',
  `created_time` timestamp NOT NULL DEFAULT CURRENT_TIMESTAMP COMMENT '创建时间',
  PRIMARY KEY (`id`),
  UNIQUE KEY `pay_order_id` (`pay_order_id`)
) ENGINE=InnoDB DEFAULT CHARSET=utf8mb4;

/*Data for the table `pay_order_callback_data` */

/*Table structure for table `pay_order_item` */

DROP TABLE IF EXISTS `pay_order_item`;

CREATE TABLE `pay_order_item` (
  `id` int(11) unsigned NOT NULL AUTO_INCREMENT,
  `pay_order_id` int(11) NOT NULL DEFAULT '0' COMMENT '订单id',
  `member_id` bigint(11) NOT NULL DEFAULT '0' COMMENT '会员id',
  `quantity` int(11) NOT NULL DEFAULT '1' COMMENT '购买数量 默认1份',
  `price` decimal(10,2) NOT NULL DEFAULT '0.00' COMMENT '商品总价格，售价 * 数量',
  `food_id` int(11) NOT NULL DEFAULT '0' COMMENT '美食表id',
  `note` text NOT NULL COMMENT '备注信息',
  `status` tinyint(1) NOT NULL DEFAULT '1' COMMENT '状态：1：成功 0 失败',
  `updated_time` timestamp NOT NULL DEFAULT CURRENT_TIMESTAMP COMMENT '最近一次更新时间',
  `created_time` timestamp NOT NULL DEFAULT CURRENT_TIMESTAMP COMMENT '插入时间',
  PRIMARY KEY (`id`),
  KEY `id_order_id` (`pay_order_id`),
  KEY `idx_food_id` (`food_id`)
) ENGINE=InnoDB AUTO_INCREMENT=4 DEFAULT CHARSET=utf8mb4 COMMENT='订单详情表';

/*Data for the table `pay_order_item` */

insert  into `pay_order_item`(`id`,`pay_order_id`,`member_id`,`quantity`,`price`,`food_id`,`note`,`status`,`updated_time`,`created_time`) values (1,1,1,2,'10.00',3,'',1,'2020-05-05 10:26:04','2020-05-05 10:26:04'),(2,2,2,1,'10.00',3,'',1,'2020-05-15 15:29:11','2020-05-15 15:29:11'),(3,3,2,1,'10.00',3,'',1,'2020-05-15 16:17:35','2020-05-15 16:17:35');

/*Table structure for table `queue_list` */

DROP TABLE IF EXISTS `queue_list`;

CREATE TABLE `queue_list` (
  `id` int(11) unsigned NOT NULL AUTO_INCREMENT,
  `queue_name` varchar(30) NOT NULL DEFAULT '' COMMENT '队列名字',
  `data` varchar(500) NOT NULL DEFAULT '' COMMENT '队列数据',
  `status` tinyint(1) NOT NULL DEFAULT '-1' COMMENT '状态 -1 待处理 1 已处理',
  `updated_time` timestamp NOT NULL DEFAULT CURRENT_TIMESTAMP COMMENT '最后一次更新时间',
  `created_time` timestamp NOT NULL DEFAULT CURRENT_TIMESTAMP COMMENT '插入时间',
  PRIMARY KEY (`id`)
) ENGINE=InnoDB AUTO_INCREMENT=3 DEFAULT CHARSET=utf8mb4 COMMENT='事件队列表';

/*Data for the table `queue_list` */

insert  into `queue_list`(`id`,`queue_name`,`data`,`status`,`updated_time`,`created_time`) values (1,'pay','{\"member_id\": 1, \"pay_order_id\": 1}',-1,'2020-05-05 10:59:26','2020-05-05 10:59:26'),(2,'pay','{\"member_id\": 2, \"pay_order_id\": 3}',-1,'2020-05-15 16:19:10','2020-05-15 16:19:10');

/*Table structure for table `stat_daily_food` */

DROP TABLE IF EXISTS `stat_daily_food`;

CREATE TABLE `stat_daily_food` (
  `id` int(11) unsigned NOT NULL AUTO_INCREMENT,
  `date` date NOT NULL,
  `food_id` int(11) NOT NULL DEFAULT '0' COMMENT '菜品id',
  `total_count` int(11) NOT NULL DEFAULT '0' COMMENT '售卖总数量',
  `total_pay_money` decimal(10,2) NOT NULL DEFAULT '0.00' COMMENT '总售卖金额',
  `updated_time` timestamp NOT NULL DEFAULT CURRENT_TIMESTAMP COMMENT '最后一次更新时间',
  `created_time` timestamp NOT NULL DEFAULT CURRENT_TIMESTAMP COMMENT '插入时间',
  PRIMARY KEY (`id`),
  KEY `date_food_id` (`date`,`food_id`)
) ENGINE=InnoDB AUTO_INCREMENT=407 DEFAULT CHARSET=utf8mb4 COMMENT='书籍售卖日统计';

/*Data for the table `stat_daily_food` */

insert  into `stat_daily_food`(`id`,`date`,`food_id`,`total_count`,`total_pay_money`,`updated_time`,`created_time`) values (204,'2020-04-16',1,74,'1009.00','2020-05-15 16:00:05','2020-05-15 16:00:05'),(205,'2020-04-16',2,84,'1001.00','2020-05-15 16:00:05','2020-05-15 16:00:05'),(206,'2020-04-16',3,88,'1005.00','2020-05-15 16:00:06','2020-05-15 16:00:06'),(207,'2020-04-16',4,70,'1005.00','2020-05-15 16:00:06','2020-05-15 16:00:06'),(208,'2020-04-16',5,82,'1000.00','2020-05-15 16:00:06','2020-05-15 16:00:06'),(209,'2020-04-16',6,92,'1009.00','2020-05-15 16:00:06','2020-05-15 16:00:06'),(210,'2020-04-16',7,66,'1010.00','2020-05-15 16:00:06','2020-05-15 16:00:06'),(211,'2020-04-17',1,78,'1008.00','2020-05-15 16:00:07','2020-05-15 16:00:07'),(212,'2020-04-17',2,67,'1006.00','2020-05-15 16:00:08','2020-05-15 16:00:08'),(213,'2020-04-17',3,59,'1002.00','2020-05-15 16:00:08','2020-05-15 16:00:08'),(214,'2020-04-17',4,90,'1000.00','2020-05-15 16:00:08','2020-05-15 16:00:08'),(215,'2020-04-17',5,71,'1010.00','2020-05-15 16:00:08','2020-05-15 16:00:08'),(216,'2020-04-17',6,99,'1006.00','2020-05-15 16:00:08','2020-05-15 16:00:08'),(217,'2020-04-17',7,92,'1002.00','2020-05-15 16:00:08','2020-05-15 16:00:08'),(218,'2020-04-18',1,74,'1007.00','2020-05-15 16:00:10','2020-05-15 16:00:10'),(219,'2020-04-18',2,64,'1006.00','2020-05-15 16:00:10','2020-05-15 16:00:10'),(220,'2020-04-18',3,57,'1003.00','2020-05-15 16:00:10','2020-05-15 16:00:10'),(221,'2020-04-18',4,79,'1009.00','2020-05-15 16:00:10','2020-05-15 16:00:10'),(222,'2020-04-18',5,89,'1010.00','2020-05-15 16:00:10','2020-05-15 16:00:10'),(223,'2020-04-18',6,90,'1010.00','2020-05-15 16:00:10','2020-05-15 16:00:10'),(224,'2020-04-18',7,71,'1009.00','2020-05-15 16:00:11','2020-05-15 16:00:11'),(225,'2020-04-19',1,98,'1010.00','2020-05-15 16:00:12','2020-05-15 16:00:12'),(226,'2020-04-19',2,83,'1001.00','2020-05-15 16:00:12','2020-05-15 16:00:12'),(227,'2020-04-19',3,90,'1000.00','2020-05-15 16:00:12','2020-05-15 16:00:12'),(228,'2020-04-19',4,68,'1010.00','2020-05-15 16:00:12','2020-05-15 16:00:12'),(229,'2020-04-19',5,77,'1000.00','2020-05-15 16:00:12','2020-05-15 16:00:12'),(230,'2020-04-19',6,63,'1002.00','2020-05-15 16:00:12','2020-05-15 16:00:12'),(231,'2020-04-19',7,76,'1005.00','2020-05-15 16:00:13','2020-05-15 16:00:13'),(232,'2020-04-20',1,65,'1006.00','2020-05-15 16:00:15','2020-05-15 16:00:15'),(233,'2020-04-20',2,58,'1004.00','2020-05-15 16:00:15','2020-05-15 16:00:15'),(234,'2020-04-20',3,84,'1005.00','2020-05-15 16:00:15','2020-05-15 16:00:15'),(235,'2020-04-20',4,61,'1007.00','2020-05-15 16:00:15','2020-05-15 16:00:15'),(236,'2020-04-20',5,57,'1007.00','2020-05-15 16:00:15','2020-05-15 16:00:15'),(237,'2020-04-20',6,95,'1003.00','2020-05-15 16:00:15','2020-05-15 16:00:15'),(238,'2020-04-20',7,78,'1010.00','2020-05-15 16:00:15','2020-05-15 16:00:15'),(239,'2020-04-21',1,53,'1000.00','2020-05-15 16:00:18','2020-05-15 16:00:18'),(240,'2020-04-21',2,53,'1007.00','2020-05-15 16:00:18','2020-05-15 16:00:18'),(241,'2020-04-21',3,88,'1000.00','2020-05-15 16:00:19','2020-05-15 16:00:19'),(242,'2020-04-21',4,85,'1000.00','2020-05-15 16:00:19','2020-05-15 16:00:19'),(243,'2020-04-21',5,90,'1010.00','2020-05-15 16:00:19','2020-05-15 16:00:19'),(244,'2020-04-21',6,76,'1002.00','2020-05-15 16:00:19','2020-05-15 16:00:19'),(245,'2020-04-21',7,94,'1007.00','2020-05-15 16:00:19','2020-05-15 16:00:19'),(246,'2020-04-22',1,90,'1002.00','2020-05-15 16:00:23','2020-05-15 16:00:23'),(247,'2020-04-22',2,59,'1004.00','2020-05-15 16:00:23','2020-05-15 16:00:23'),(248,'2020-04-22',3,61,'1006.00','2020-05-15 16:00:23','2020-05-15 16:00:23'),(249,'2020-04-22',4,94,'1009.00','2020-05-15 16:00:23','2020-05-15 16:00:23'),(250,'2020-04-22',5,55,'1006.00','2020-05-15 16:00:24','2020-05-15 16:00:24'),(251,'2020-04-22',6,82,'1004.00','2020-05-15 16:00:24','2020-05-15 16:00:24'),(252,'2020-04-22',7,98,'1006.00','2020-05-15 16:00:24','2020-05-15 16:00:24'),(253,'2020-04-23',1,60,'1002.00','2020-05-15 16:00:25','2020-05-15 16:00:25'),(254,'2020-04-23',2,66,'1003.00','2020-05-15 16:00:25','2020-05-15 16:00:25'),(255,'2020-04-23',3,97,'1001.00','2020-05-15 16:00:25','2020-05-15 16:00:25'),(256,'2020-04-23',4,75,'1000.00','2020-05-15 16:00:25','2020-05-15 16:00:25'),(257,'2020-04-23',5,73,'1010.00','2020-05-15 16:00:25','2020-05-15 16:00:25'),(258,'2020-04-23',6,75,'1001.00','2020-05-15 16:00:25','2020-05-15 16:00:25'),(259,'2020-04-23',7,80,'1010.00','2020-05-15 16:00:25','2020-05-15 16:00:25'),(260,'2020-04-24',1,73,'1003.00','2020-05-15 16:00:26','2020-05-15 16:00:26'),(261,'2020-04-24',2,84,'1005.00','2020-05-15 16:00:26','2020-05-15 16:00:26'),(262,'2020-04-24',3,67,'1001.00','2020-05-15 16:00:26','2020-05-15 16:00:26'),(263,'2020-04-24',4,60,'1005.00','2020-05-15 16:00:26','2020-05-15 16:00:26'),(264,'2020-04-24',5,83,'1010.00','2020-05-15 16:00:26','2020-05-15 16:00:26'),(265,'2020-04-24',6,77,'1010.00','2020-05-15 16:00:26','2020-05-15 16:00:26'),(266,'2020-04-24',7,54,'1001.00','2020-05-15 16:00:26','2020-05-15 16:00:26'),(267,'2020-04-25',1,50,'1003.00','2020-05-15 16:00:27','2020-05-15 16:00:27'),(268,'2020-04-25',2,67,'1008.00','2020-05-15 16:00:27','2020-05-15 16:00:27'),(269,'2020-04-25',3,73,'1000.00','2020-05-15 16:00:27','2020-05-15 16:00:27'),(270,'2020-04-25',4,73,'1004.00','2020-05-15 16:00:28','2020-05-15 16:00:28'),(271,'2020-04-25',5,90,'1010.00','2020-05-15 16:00:28','2020-05-15 16:00:28'),(272,'2020-04-25',6,92,'1000.00','2020-05-15 16:00:28','2020-05-15 16:00:28'),(273,'2020-04-25',7,57,'1005.00','2020-05-15 16:00:28','2020-05-15 16:00:28'),(274,'2020-04-26',1,52,'1003.00','2020-05-15 16:00:29','2020-05-15 16:00:29'),(275,'2020-04-26',2,92,'1009.00','2020-05-15 16:00:29','2020-05-15 16:00:29'),(276,'2020-04-26',3,67,'1008.00','2020-05-15 16:00:29','2020-05-15 16:00:29'),(277,'2020-04-26',4,91,'1004.00','2020-05-15 16:00:29','2020-05-15 16:00:29'),(278,'2020-04-26',5,88,'1006.00','2020-05-15 16:00:29','2020-05-15 16:00:29'),(279,'2020-04-26',6,61,'1009.00','2020-05-15 16:00:30','2020-05-15 16:00:30'),(280,'2020-04-26',7,72,'1007.00','2020-05-15 16:00:30','2020-05-15 16:00:30'),(281,'2020-04-27',1,96,'1005.00','2020-05-15 16:00:31','2020-05-15 16:00:31'),(282,'2020-04-27',2,99,'1009.00','2020-05-15 16:00:31','2020-05-15 16:00:31'),(283,'2020-04-27',3,60,'1002.00','2020-05-15 16:00:31','2020-05-15 16:00:31'),(284,'2020-04-27',4,95,'1006.00','2020-05-15 16:00:31','2020-05-15 16:00:31'),(285,'2020-04-27',5,85,'1002.00','2020-05-15 16:00:31','2020-05-15 16:00:31'),(286,'2020-04-27',6,62,'1009.00','2020-05-15 16:00:31','2020-05-15 16:00:31'),(287,'2020-04-27',7,94,'1003.00','2020-05-15 16:00:31','2020-05-15 16:00:31'),(288,'2020-04-28',1,62,'1000.00','2020-05-15 16:00:33','2020-05-15 16:00:33'),(289,'2020-04-28',2,63,'1002.00','2020-05-15 16:00:33','2020-05-15 16:00:33'),(290,'2020-04-28',3,56,'1003.00','2020-05-15 16:00:33','2020-05-15 16:00:33'),(291,'2020-04-28',4,88,'1007.00','2020-05-15 16:00:33','2020-05-15 16:00:33'),(292,'2020-04-28',5,71,'1004.00','2020-05-15 16:00:33','2020-05-15 16:00:33'),(293,'2020-04-28',6,89,'1003.00','2020-05-15 16:00:33','2020-05-15 16:00:33'),(294,'2020-04-28',7,51,'1004.00','2020-05-15 16:00:33','2020-05-15 16:00:33'),(295,'2020-04-29',1,80,'1004.00','2020-05-15 16:00:34','2020-05-15 16:00:34'),(296,'2020-04-29',2,55,'1009.00','2020-05-15 16:00:35','2020-05-15 16:00:35'),(297,'2020-04-29',3,58,'1001.00','2020-05-15 16:00:35','2020-05-15 16:00:35'),(298,'2020-04-29',4,97,'1003.00','2020-05-15 16:00:35','2020-05-15 16:00:35'),(299,'2020-04-29',5,84,'1009.00','2020-05-15 16:00:35','2020-05-15 16:00:35'),(300,'2020-04-29',6,97,'1008.00','2020-05-15 16:00:35','2020-05-15 16:00:35'),(301,'2020-04-29',7,80,'1004.00','2020-05-15 16:00:35','2020-05-15 16:00:35'),(302,'2020-04-30',1,68,'1005.00','2020-05-15 16:00:37','2020-05-15 16:00:37'),(303,'2020-04-30',2,68,'1007.00','2020-05-15 16:00:37','2020-05-15 16:00:37'),(304,'2020-04-30',3,75,'1008.00','2020-05-15 16:00:37','2020-05-15 16:00:37'),(305,'2020-04-30',4,75,'1006.00','2020-05-15 16:00:37','2020-05-15 16:00:37'),(306,'2020-04-30',5,96,'1001.00','2020-05-15 16:00:37','2020-05-15 16:00:37'),(307,'2020-04-30',6,74,'1002.00','2020-05-15 16:00:37','2020-05-15 16:00:37'),(308,'2020-04-30',7,55,'1002.00','2020-05-15 16:00:37','2020-05-15 16:00:37'),(309,'2020-05-01',1,68,'1007.00','2020-05-15 16:00:38','2020-05-15 16:00:38'),(310,'2020-05-01',2,68,'1003.00','2020-05-15 16:00:38','2020-05-15 16:00:38'),(311,'2020-05-01',3,88,'1001.00','2020-05-15 16:00:39','2020-05-15 16:00:39'),(312,'2020-05-01',4,80,'1002.00','2020-05-15 16:00:39','2020-05-15 16:00:39'),(313,'2020-05-01',5,90,'1008.00','2020-05-15 16:00:39','2020-05-15 16:00:39'),(314,'2020-05-01',6,67,'1006.00','2020-05-15 16:00:39','2020-05-15 16:00:39'),(315,'2020-05-01',7,82,'1006.00','2020-05-15 16:00:39','2020-05-15 16:00:39'),(316,'2020-05-02',1,84,'1005.00','2020-05-15 16:00:40','2020-05-15 16:00:40'),(317,'2020-05-02',2,75,'1009.00','2020-05-15 16:00:40','2020-05-15 16:00:40'),(318,'2020-05-02',3,95,'1002.00','2020-05-15 16:00:40','2020-05-15 16:00:40'),(319,'2020-05-02',4,92,'1010.00','2020-05-15 16:00:40','2020-05-15 16:00:40'),(320,'2020-05-02',5,54,'1007.00','2020-05-15 16:00:41','2020-05-15 16:00:41'),(321,'2020-05-02',6,67,'1006.00','2020-05-15 16:00:41','2020-05-15 16:00:41'),(322,'2020-05-02',7,75,'1010.00','2020-05-15 16:00:41','2020-05-15 16:00:41'),(323,'2020-05-03',1,61,'1009.00','2020-05-15 16:00:42','2020-05-15 16:00:42'),(324,'2020-05-03',2,73,'1006.00','2020-05-15 16:00:42','2020-05-15 16:00:42'),(325,'2020-05-03',3,60,'1006.00','2020-05-15 16:00:42','2020-05-15 16:00:42'),(326,'2020-05-03',4,62,'1000.00','2020-05-15 16:00:42','2020-05-15 16:00:42'),(327,'2020-05-03',5,90,'1008.00','2020-05-15 16:00:42','2020-05-15 16:00:42'),(328,'2020-05-03',6,52,'1004.00','2020-05-15 16:00:42','2020-05-15 16:00:42'),(329,'2020-05-03',7,67,'1001.00','2020-05-15 16:00:42','2020-05-15 16:00:42'),(330,'2020-05-04',1,85,'1007.00','2020-05-15 16:00:44','2020-05-15 16:00:44'),(331,'2020-05-04',2,68,'1005.00','2020-05-15 16:00:44','2020-05-15 16:00:44'),(332,'2020-05-04',3,71,'1006.00','2020-05-15 16:00:44','2020-05-15 16:00:44'),(333,'2020-05-04',4,69,'1010.00','2020-05-15 16:00:44','2020-05-15 16:00:44'),(334,'2020-05-04',5,51,'1010.00','2020-05-15 16:00:44','2020-05-15 16:00:44'),(335,'2020-05-04',6,62,'1008.00','2020-05-15 16:00:45','2020-05-15 16:00:45'),(336,'2020-05-04',7,89,'1008.00','2020-05-15 16:00:45','2020-05-15 16:00:45'),(337,'2020-05-05',1,90,'1008.00','2020-05-15 16:00:46','2020-05-15 16:00:46'),(338,'2020-05-05',2,76,'1003.00','2020-05-15 16:00:47','2020-05-15 16:00:47'),(339,'2020-05-05',3,65,'1002.00','2020-05-15 16:00:47','2020-05-15 16:00:47'),(340,'2020-05-05',4,88,'1004.00','2020-05-15 16:00:47','2020-05-15 16:00:47'),(341,'2020-05-05',5,85,'1007.00','2020-05-15 16:00:47','2020-05-15 16:00:47'),(342,'2020-05-05',6,81,'1006.00','2020-05-15 16:00:47','2020-05-15 16:00:47'),(343,'2020-05-05',7,84,'1002.00','2020-05-15 16:00:47','2020-05-15 16:00:47'),(344,'2020-05-06',1,52,'1004.00','2020-05-15 16:00:48','2020-05-15 16:00:48'),(345,'2020-05-06',2,60,'1000.00','2020-05-15 16:00:48','2020-05-15 16:00:48'),(346,'2020-05-06',3,90,'1007.00','2020-05-15 16:00:48','2020-05-15 16:00:48'),(347,'2020-05-06',4,98,'1003.00','2020-05-15 16:00:49','2020-05-15 16:00:49'),(348,'2020-05-06',5,63,'1010.00','2020-05-15 16:00:49','2020-05-15 16:00:49'),(349,'2020-05-06',6,100,'1007.00','2020-05-15 16:00:49','2020-05-15 16:00:49'),(350,'2020-05-06',7,70,'1006.00','2020-05-15 16:00:49','2020-05-15 16:00:49'),(351,'2020-05-07',1,80,'1000.00','2020-05-15 16:00:50','2020-05-15 16:00:50'),(352,'2020-05-07',2,88,'1003.00','2020-05-15 16:00:51','2020-05-15 16:00:51'),(353,'2020-05-07',3,78,'1002.00','2020-05-15 16:00:51','2020-05-15 16:00:51'),(354,'2020-05-07',4,99,'1001.00','2020-05-15 16:00:51','2020-05-15 16:00:51'),(355,'2020-05-07',5,97,'1004.00','2020-05-15 16:00:51','2020-05-15 16:00:51'),(356,'2020-05-07',6,57,'1010.00','2020-05-15 16:00:51','2020-05-15 16:00:51'),(357,'2020-05-07',7,58,'1001.00','2020-05-15 16:00:51','2020-05-15 16:00:51'),(358,'2020-05-08',1,75,'1004.00','2020-05-15 16:00:52','2020-05-15 16:00:52'),(359,'2020-05-08',2,67,'1010.00','2020-05-15 16:00:52','2020-05-15 16:00:52'),(360,'2020-05-08',3,54,'1004.00','2020-05-15 16:00:52','2020-05-15 16:00:52'),(361,'2020-05-08',4,79,'1000.00','2020-05-15 16:00:52','2020-05-15 16:00:52'),(362,'2020-05-08',5,51,'1003.00','2020-05-15 16:00:52','2020-05-15 16:00:52'),(363,'2020-05-08',6,77,'1004.00','2020-05-15 16:00:52','2020-05-15 16:00:52'),(364,'2020-05-08',7,63,'1004.00','2020-05-15 16:00:52','2020-05-15 16:00:52'),(365,'2020-05-09',1,51,'1006.00','2020-05-15 16:00:53','2020-05-15 16:00:53'),(366,'2020-05-09',2,68,'1008.00','2020-05-15 16:00:53','2020-05-15 16:00:53'),(367,'2020-05-09',3,75,'1008.00','2020-05-15 16:00:53','2020-05-15 16:00:53'),(368,'2020-05-09',4,53,'1001.00','2020-05-15 16:00:53','2020-05-15 16:00:53'),(369,'2020-05-09',5,61,'1008.00','2020-05-15 16:00:53','2020-05-15 16:00:53'),(370,'2020-05-09',6,56,'1005.00','2020-05-15 16:00:54','2020-05-15 16:00:54'),(371,'2020-05-09',7,56,'1004.00','2020-05-15 16:00:54','2020-05-15 16:00:54'),(372,'2020-05-10',1,67,'1009.00','2020-05-15 16:00:56','2020-05-15 16:00:56'),(373,'2020-05-10',2,51,'1008.00','2020-05-15 16:00:56','2020-05-15 16:00:56'),(374,'2020-05-10',3,81,'1009.00','2020-05-15 16:00:57','2020-05-15 16:00:57'),(375,'2020-05-10',4,94,'1002.00','2020-05-15 16:00:57','2020-05-15 16:00:57'),(376,'2020-05-10',5,92,'1008.00','2020-05-15 16:00:57','2020-05-15 16:00:57'),(377,'2020-05-10',6,93,'1001.00','2020-05-15 16:00:57','2020-05-15 16:00:57'),(378,'2020-05-10',7,79,'1004.00','2020-05-15 16:00:57','2020-05-15 16:00:57'),(379,'2020-05-11',1,83,'1002.00','2020-05-15 16:00:58','2020-05-15 16:00:58'),(380,'2020-05-11',2,90,'1006.00','2020-05-15 16:00:58','2020-05-15 16:00:58'),(381,'2020-05-11',3,87,'1005.00','2020-05-15 16:00:58','2020-05-15 16:00:58'),(382,'2020-05-11',4,96,'1009.00','2020-05-15 16:00:59','2020-05-15 16:00:59'),(383,'2020-05-11',5,58,'1006.00','2020-05-15 16:00:59','2020-05-15 16:00:59'),(384,'2020-05-11',6,78,'1008.00','2020-05-15 16:00:59','2020-05-15 16:00:59'),(385,'2020-05-11',7,72,'1009.00','2020-05-15 16:00:59','2020-05-15 16:00:59'),(386,'2020-05-12',1,78,'1002.00','2020-05-15 16:01:00','2020-05-15 16:01:00'),(387,'2020-05-12',2,53,'1009.00','2020-05-15 16:01:00','2020-05-15 16:01:00'),(388,'2020-05-12',3,51,'1004.00','2020-05-15 16:01:00','2020-05-15 16:01:00'),(389,'2020-05-12',4,55,'1007.00','2020-05-15 16:01:00','2020-05-15 16:01:00'),(390,'2020-05-12',5,100,'1006.00','2020-05-15 16:01:00','2020-05-15 16:01:00'),(391,'2020-05-12',6,83,'1009.00','2020-05-15 16:01:00','2020-05-15 16:01:00'),(392,'2020-05-12',7,94,'1009.00','2020-05-15 16:01:01','2020-05-15 16:01:01'),(393,'2020-05-13',1,88,'1006.00','2020-05-15 16:01:02','2020-05-15 16:01:02'),(394,'2020-05-13',2,79,'1008.00','2020-05-15 16:01:02','2020-05-15 16:01:02'),(395,'2020-05-13',3,61,'1010.00','2020-05-15 16:01:02','2020-05-15 16:01:02'),(396,'2020-05-13',4,83,'1002.00','2020-05-15 16:01:02','2020-05-15 16:01:02'),(397,'2020-05-13',5,50,'1008.00','2020-05-15 16:01:03','2020-05-15 16:01:03'),(398,'2020-05-13',6,70,'1006.00','2020-05-15 16:01:03','2020-05-15 16:01:03'),(399,'2020-05-13',7,71,'1005.00','2020-05-15 16:01:03','2020-05-15 16:01:03'),(400,'2020-05-14',1,87,'1000.00','2020-05-15 16:01:04','2020-05-15 16:01:04'),(401,'2020-05-14',2,89,'1006.00','2020-05-15 16:01:04','2020-05-15 16:01:04'),(402,'2020-05-14',3,94,'1000.00','2020-05-15 16:01:04','2020-05-15 16:01:04'),(403,'2020-05-14',4,57,'1004.00','2020-05-15 16:01:04','2020-05-15 16:01:04'),(404,'2020-05-14',5,55,'1010.00','2020-05-15 16:01:04','2020-05-15 16:01:04'),(405,'2020-05-14',6,97,'1001.00','2020-05-15 16:01:04','2020-05-15 16:01:04'),(406,'2020-05-14',7,87,'1003.00','2020-05-15 16:01:04','2020-05-15 16:01:04');

/*Table structure for table `stat_daily_member` */

DROP TABLE IF EXISTS `stat_daily_member`;

CREATE TABLE `stat_daily_member` (
  `id` int(11) unsigned NOT NULL AUTO_INCREMENT,
  `date` date NOT NULL COMMENT '日期',
  `member_id` int(11) NOT NULL DEFAULT '0' COMMENT '会员id',
  `total_shared_count` int(11) NOT NULL DEFAULT '0' COMMENT '当日分享总次数',
  `total_pay_money` decimal(10,2) NOT NULL DEFAULT '0.00' COMMENT '当日付款总金额',
  `updated_time` timestamp NOT NULL DEFAULT CURRENT_TIMESTAMP COMMENT '最后一次更新时间',
  `created_time` timestamp NOT NULL DEFAULT CURRENT_TIMESTAMP COMMENT '插入时间',
  PRIMARY KEY (`id`),
  KEY `idx_date_member_id` (`date`,`member_id`)
) ENGINE=InnoDB AUTO_INCREMENT=60 DEFAULT CHARSET=utf8mb4 COMMENT='会员日统计';

/*Data for the table `stat_daily_member` */

insert  into `stat_daily_member`(`id`,`date`,`member_id`,`total_shared_count`,`total_pay_money`,`updated_time`,`created_time`) values (31,'2020-04-16',2,100,'1001.00','2020-05-15 16:00:06','2020-05-15 16:00:06'),(32,'2020-04-17',2,50,'1005.00','2020-05-15 16:00:08','2020-05-15 16:00:08'),(33,'2020-04-18',2,50,'1008.00','2020-05-15 16:00:11','2020-05-15 16:00:11'),(34,'2020-04-19',2,97,'1000.00','2020-05-15 16:00:13','2020-05-15 16:00:13'),(35,'2020-04-20',2,55,'1002.00','2020-05-15 16:00:16','2020-05-15 16:00:16'),(36,'2020-04-21',2,60,'1009.00','2020-05-15 16:00:19','2020-05-15 16:00:19'),(37,'2020-04-22',2,63,'1007.00','2020-05-15 16:00:24','2020-05-15 16:00:24'),(38,'2020-04-23',2,92,'1004.00','2020-05-15 16:00:25','2020-05-15 16:00:25'),(39,'2020-04-24',2,94,'1007.00','2020-05-15 16:00:27','2020-05-15 16:00:27'),(40,'2020-04-25',2,69,'1003.00','2020-05-15 16:00:28','2020-05-15 16:00:28'),(41,'2020-04-26',2,66,'1001.00','2020-05-15 16:00:30','2020-05-15 16:00:30'),(42,'2020-04-27',2,100,'1007.00','2020-05-15 16:00:31','2020-05-15 16:00:31'),(43,'2020-04-28',2,98,'1008.00','2020-05-15 16:00:33','2020-05-15 16:00:33'),(44,'2020-04-29',2,92,'1005.00','2020-05-15 16:00:35','2020-05-15 16:00:35'),(45,'2020-04-30',2,83,'1009.00','2020-05-15 16:00:37','2020-05-15 16:00:37'),(46,'2020-05-01',2,82,'1002.00','2020-05-15 16:00:39','2020-05-15 16:00:39'),(47,'2020-05-02',2,87,'1005.00','2020-05-15 16:00:41','2020-05-15 16:00:41'),(48,'2020-05-03',2,85,'1000.00','2020-05-15 16:00:42','2020-05-15 16:00:42'),(49,'2020-05-04',2,72,'1008.00','2020-05-15 16:00:45','2020-05-15 16:00:45'),(50,'2020-05-05',2,95,'1010.00','2020-05-15 16:00:47','2020-05-15 16:00:47'),(51,'2020-05-06',2,82,'1005.00','2020-05-15 16:00:49','2020-05-15 16:00:49'),(52,'2020-05-07',2,76,'1001.00','2020-05-15 16:00:51','2020-05-15 16:00:51'),(53,'2020-05-08',2,71,'1007.00','2020-05-15 16:00:52','2020-05-15 16:00:52'),(54,'2020-05-09',2,94,'1009.00','2020-05-15 16:00:54','2020-05-15 16:00:54'),(55,'2020-05-10',2,100,'1008.00','2020-05-15 16:00:57','2020-05-15 16:00:57'),(56,'2020-05-11',2,91,'1005.00','2020-05-15 16:00:59','2020-05-15 16:00:59'),(57,'2020-05-12',2,59,'1007.00','2020-05-15 16:01:01','2020-05-15 16:01:01'),(58,'2020-05-13',2,99,'1006.00','2020-05-15 16:01:03','2020-05-15 16:01:03'),(59,'2020-05-14',2,67,'1002.00','2020-05-15 16:01:04','2020-05-15 16:01:04');

/*Table structure for table `stat_daily_site` */

DROP TABLE IF EXISTS `stat_daily_site`;

CREATE TABLE `stat_daily_site` (
  `id` int(11) unsigned NOT NULL AUTO_INCREMENT,
  `date` date NOT NULL COMMENT '日期',
  `total_pay_money` decimal(10,2) NOT NULL DEFAULT '0.00' COMMENT '当日应收总金额',
  `total_member_count` int(11) NOT NULL COMMENT '会员总数',
  `total_new_member_count` int(11) NOT NULL COMMENT '当日新增会员数',
  `total_order_count` int(11) NOT NULL COMMENT '当日订单数',
  `total_shared_count` int(11) NOT NULL,
  `updated_time` timestamp NOT NULL DEFAULT CURRENT_TIMESTAMP COMMENT '最后一次更新时间',
  `created_time` timestamp NOT NULL DEFAULT CURRENT_TIMESTAMP COMMENT '插入时间',
  PRIMARY KEY (`id`),
  KEY `idx_date` (`date`)
) ENGINE=InnoDB AUTO_INCREMENT=63 DEFAULT CHARSET=utf8mb4 COMMENT='全站日统计';

/*Data for the table `stat_daily_site` */

insert  into `stat_daily_site`(`id`,`date`,`total_pay_money`,`total_member_count`,`total_new_member_count`,`total_order_count`,`total_shared_count`,`updated_time`,`created_time`) values (32,'2020-04-16','1001.00',66,65,937,1088,'2020-05-15 16:00:07','2020-05-15 16:00:07'),(33,'2020-04-17','1009.00',62,61,982,1784,'2020-05-15 16:00:08','2020-05-15 16:00:08'),(34,'2020-04-18','1002.00',78,77,908,1314,'2020-05-15 16:00:11','2020-05-15 16:00:11'),(35,'2020-04-19','1001.00',64,63,902,1884,'2020-05-15 16:00:13','2020-05-15 16:00:13'),(36,'2020-04-20','1010.00',81,80,952,1870,'2020-05-15 16:00:16','2020-05-15 16:00:16'),(37,'2020-04-21','1001.00',100,99,977,1162,'2020-05-15 16:00:22','2020-05-15 16:00:22'),(38,'2020-04-22','1005.00',87,86,994,1650,'2020-05-15 16:00:24','2020-05-15 16:00:24'),(39,'2020-04-23','1001.00',55,54,932,1137,'2020-05-15 16:00:25','2020-05-15 16:00:25'),(40,'2020-04-24','1002.00',96,95,943,1361,'2020-05-15 16:00:27','2020-05-15 16:00:27'),(41,'2020-04-25','1002.00',94,93,954,1684,'2020-05-15 16:00:29','2020-05-15 16:00:29'),(42,'2020-04-26','1002.00',68,67,914,1317,'2020-05-15 16:00:30','2020-05-15 16:00:30'),(43,'2020-04-27','1002.00',89,88,951,1812,'2020-05-15 16:00:32','2020-05-15 16:00:32'),(44,'2020-04-28','1010.00',57,56,974,1625,'2020-05-15 16:00:34','2020-05-15 16:00:34'),(45,'2020-04-29','1007.00',93,92,921,1495,'2020-05-15 16:00:35','2020-05-15 16:00:35'),(46,'2020-04-30','1008.00',87,86,922,1255,'2020-05-15 16:00:38','2020-05-15 16:00:38'),(47,'2020-05-01','1009.00',71,70,942,1345,'2020-05-15 16:00:39','2020-05-15 16:00:39'),(48,'2020-05-02','1009.00',99,98,922,1477,'2020-05-15 16:00:41','2020-05-15 16:00:41'),(49,'2020-05-03','1005.00',79,78,909,1034,'2020-05-15 16:00:42','2020-05-15 16:00:42'),(50,'2020-05-04','1000.00',75,74,940,1567,'2020-05-15 16:00:45','2020-05-15 16:00:45'),(51,'2020-05-05','1003.00',56,55,918,1067,'2020-05-15 16:00:47','2020-05-15 16:00:47'),(52,'2020-05-06','1005.00',55,54,980,1197,'2020-05-15 16:00:50','2020-05-15 16:00:50'),(53,'2020-05-07','1003.00',51,50,980,1230,'2020-05-15 16:00:51','2020-05-15 16:00:51'),(54,'2020-05-08','1005.00',55,54,968,1719,'2020-05-15 16:00:52','2020-05-15 16:00:52'),(55,'2020-05-09','1008.00',83,82,995,1364,'2020-05-15 16:00:55','2020-05-15 16:00:55'),(56,'2020-05-10','1008.00',96,95,904,1726,'2020-05-15 16:00:57','2020-05-15 16:00:57'),(57,'2020-05-11','1000.00',52,51,953,1792,'2020-05-15 16:00:59','2020-05-15 16:00:59'),(58,'2020-05-12','1007.00',56,55,932,1721,'2020-05-15 16:01:01','2020-05-15 16:01:01'),(59,'2020-05-13','1002.00',71,70,909,1043,'2020-05-15 16:01:03','2020-05-15 16:01:03'),(60,'2020-05-14','1002.00',83,82,988,1638,'2020-05-15 16:01:05','2020-05-15 16:01:05'),(62,'2020-05-15','1010.00',83,82,949,1386,'2020-05-15 16:06:08','2020-05-15 16:06:08');

/*Table structure for table `user` */

DROP TABLE IF EXISTS `user`;

CREATE TABLE `user` (
  `uid` bigint(20) NOT NULL AUTO_INCREMENT COMMENT '用户uid',
  `nickname` varchar(100) NOT NULL DEFAULT '' COMMENT '用户名',
  `mobile` varchar(20) NOT NULL DEFAULT '' COMMENT '手机号码',
  `email` varchar(100) NOT NULL DEFAULT '' COMMENT '邮箱地址',
  `sex` tinyint(1) NOT NULL DEFAULT '0' COMMENT '1：男 2：女 0：没填写',
  `avatar` varchar(64) NOT NULL DEFAULT '' COMMENT '头像',
  `login_name` varchar(20) NOT NULL DEFAULT '' COMMENT '登录用户名',
  `login_pwd` varchar(32) NOT NULL DEFAULT '' COMMENT '登录密码',
  `login_salt` varchar(32) NOT NULL DEFAULT '' COMMENT '登录密码的随机加密秘钥',
  `status` tinyint(1) NOT NULL DEFAULT '1' COMMENT '1：有效 0：无效',
  `updated_time` timestamp NOT NULL DEFAULT CURRENT_TIMESTAMP COMMENT '最后一次更新时间',
  `created_time` timestamp NOT NULL DEFAULT CURRENT_TIMESTAMP COMMENT '插入时间',
  PRIMARY KEY (`uid`),
  UNIQUE KEY `login_name` (`login_name`)
) ENGINE=InnoDB AUTO_INCREMENT=2 DEFAULT CHARSET=utf8mb4 COMMENT='用户表（管理员）';

/*Data for the table `user` */

insert  into `user`(`uid`,`nickname`,`mobile`,`email`,`sex`,`avatar`,`login_name`,`login_pwd`,`login_salt`,`status`,`updated_time`,`created_time`) values (1,'张三','11012345679','123@163.com',1,'','9527','816440c40b7a9d55ff9eb7b20760862c','cF3JfH5FJfQ8B2Ba',1,'2020-05-05 11:41:32','2017-03-15 14:08:48');

/*Table structure for table `wx_share_history` */

DROP TABLE IF EXISTS `wx_share_history`;

CREATE TABLE `wx_share_history` (
  `id` int(11) unsigned NOT NULL AUTO_INCREMENT,
  `member_id` int(11) NOT NULL DEFAULT '0' COMMENT '会员id',
  `share_url` varchar(200) NOT NULL DEFAULT '' COMMENT '分享的页面url',
  `created_time` timestamp NOT NULL DEFAULT CURRENT_TIMESTAMP COMMENT '创建时间',
  PRIMARY KEY (`id`)
) ENGINE=InnoDB DEFAULT CHARSET=utf8mb4 COMMENT='微信分享记录';

/*Data for the table `wx_share_history` */

/*!40101 SET SQL_MODE=@OLD_SQL_MODE */;
/*!40014 SET FOREIGN_KEY_CHECKS=@OLD_FOREIGN_KEY_CHECKS */;
/*!40014 SET UNIQUE_CHECKS=@OLD_UNIQUE_CHECKS */;
/*!40111 SET SQL_NOTES=@OLD_SQL_NOTES */;
